date,100004,KOSPI Index,KOSPI2 Index,KOSDAQ Index,SPX Index
2021-07-28,1000.0,3236.86,429.15,1035.68,4400.64
2021-07-29,1000.01,3242.65,429.49,1044.13,4419.15
2021-07-30,1000.02,3202.32,423.91,1031.14,4395.26
2021-07-31,1000.02,3202.32,423.91,1031.14,4395.26
2021-08-01,1000.03,3202.32,423.91,1031.14,4395.26
2021-08-02,1000.01,3223.04,426.79,1037.8,4387.16
2021-08-03,999.95,3237.14,429.98,1036.11,4423.15
2021-08-04,1000.54,3280.38,436.05,1047.93,4402.66
2021-08-05,1000.65,3276.13,434.74,1059.54,4429.1
2021-08-06,1000.75,3270.36,433.29,1059.8,4436.52
2021-08-07,1000.75,3270.36,433.29,1059.8,4436.52
2021-08-08,1000.76,3270.36,433.29,1059.8,4436.52
2021-08-09,1000.55,3260.42,431.65,1060.0,4432.35
2021-08-10,1002.87,3243.19,428.56,1052.07,4436.75
2021-08-11,1005.47,3220.62,424.74,1051.92,4447.7
2021-08-12,1005.57,3208.38,422.38,1054.09,4460.83
2021-08-13,1003.06,3171.29,416.06,1040.78,4468.0
2021-08-14,1003.07,3171.29,416.06,1040.78,4468.0
2021-08-15,1003.08,3171.29,416.06,1040.78,4468.0
2021-08-16,1003.1,3171.29,416.06,1040.78,4479.71
2021-08-17,1004.95,3143.09,411.31,1011.05,4448.08
2021-08-18,1003.85,3158.93,413.36,1021.08,4400.27
2021-08-19,997.79,3097.83,404.96,991.15,4405.8
2021-08-20,993.32,3060.51,400.78,967.9,4441.67
2021-08-21,993.33,3060.51,400.78,967.9,4441.67
2021-08-22,993.34,3060.51,400.78,967.9,4441.67
2021-08-23,1001.79,3090.21,404.58,993.18,4479.53
2021-08-24,1007.86,3138.3,412.48,1013.18,4486.23
2021-08-25,1016.71,3146.81,413.95,1017.78,4496.19
2021-08-26,1017.98,3128.53,410.38,1020.44,4470.0
2021-08-27,1018.65,3133.9,410.24,1023.51,4509.37
2021-08-28,1018.67,3133.9,410.24,1023.51,4509.37
2021-08-29,1018.68,3133.9,410.24,1023.51,4509.37
2021-08-30,1016.4,3144.19,411.5,1031.84,4528.79
2021-08-31,1018.06,3199.27,419.79,1038.33,4522.68
2021-09-01,1021.87,3207.02,419.92,1045.98,4524.09
2021-09-02,1018.89,3175.85,415.89,1047.19,4536.95
2021-09-03,1018.25,3201.06,419.22,1053.85,4535.43
2021-09-04,1018.26,3201.06,419.22,1053.85,4535.43
2021-09-05,1018.27,3201.06,419.22,1053.85,4535.43
2021-09-06,1018.71,3203.33,420.37,1052.96,4535.43
2021-09-07,1015.85,3187.42,417.8,1054.43,4520.03
2021-09-08,1014.36,3162.99,414.54,1037.22,4514.07
2021-09-09,1007.95,3114.7,407.28,1034.62,4493.28
2021-09-10,1013.27,3125.76,408.7,1037.91,4458.58
2021-09-11,1013.28,3125.76,408.7,1037.91,4458.58
2021-09-12,1013.29,3125.76,408.7,1037.91,4458.58
2021-09-13,1013.44,3127.86,409.7,1026.34,4468.73
2021-09-14,1015.33,3148.83,412.36,1037.74,4443.05
2021-09-15,1012.07,3153.4,412.85,1042.79,4480.7
2021-09-16,1010.92,3130.09,409.22,1039.43,4473.75
2021-09-17,1012.43,3140.51,410.99,1046.12,4432.99
2021-09-18,1012.44,3140.51,410.99,1046.12,4432.99
2021-09-19,1012.45,3140.51,410.99,1046.12,4432.99
2021-09-20,1012.46,3140.51,410.99,1046.12,4357.73
2021-09-21,1012.46,3140.51,410.99,1046.12,4354.19
2021-09-22,1012.47,3140.51,410.99,1046.12,4395.64
2021-09-23,1003.38,3127.58,410.46,1036.26,4448.98
2021-09-24,1003.41,3125.24,409.84,1037.03,4455.48
2021-09-25,1003.42,3125.24,409.84,1037.03,4455.48
2021-09-26,1003.42,3125.24,409.84,1037.03,4455.48
2021-09-27,1004.04,3133.64,410.97,1034.82,4443.11
2021-09-28,992.2,3097.92,406.2,1012.51,4352.63
2021-09-29,985.66,3060.27,400.09,1001.46,4359.46
2021-09-30,990.96,3068.82,401.3,1003.27,4307.54
2021-10-01,976.83,3019.18,394.79,983.2,4357.04
2021-10-02,976.83,3019.18,394.79,983.2,4357.04
2021-10-03,976.84,3019.18,394.79,983.2,4357.04
2021-10-04,976.84,3019.18,394.79,983.2,4300.46
2021-10-05,965.11,2962.17,388.01,955.37,4345.72
2021-10-06,947.26,2908.31,381.93,922.36,4363.55
2021-10-07,958.24,2959.46,388.14,953.43,4399.76
2021-10-08,956.42,2956.3,387.42,953.11,4391.34
2021-10-09,956.43,2956.3,387.42,953.11,4391.34
2021-10-10,956.43,2956.3,387.42,953.11,4391.34
2021-10-11,956.43,2956.3,387.42,953.11,4361.19
2021-10-12,963.58,2916.38,380.69,940.15,4350.65
2021-10-13,975.5,2944.41,384.1,953.47,4363.8
2021-10-14,986.46,2988.64,389.59,983.43,4438.26
2021-10-15,989.78,3015.06,393.19,990.54,4471.37
2021-10-16,989.78,3015.06,393.19,990.54,4471.37
2021-10-17,989.79,3015.06,393.19,990.54,4471.37
2021-10-18,991.38,3006.68,392.02,993.86,4486.46
2021-10-19,993.15,3029.04,395.41,1005.35,4519.63
2021-10-20,986.31,3013.13,393.74,1001.62,4536.19
2021-10-21,991.38,3007.33,393.18,993.7,4549.78
2021-10-22,982.8,3006.16,393.34,995.07,4544.9
2021-10-23,982.8,3006.16,393.34,995.07,4544.9
2021-10-24,982.81,3006.16,393.34,995.07,4544.9
2021-10-25,987.42,3020.54,395.01,994.31,4566.48
2021-10-26,993.72,3049.08,399.07,1011.76,4574.79
2021-10-27,993.67,3025.49,395.48,1008.95,4551.68
2021-10-28,991.32,3009.55,393.89,1000.13,4596.42
2021-10-29,987.35,2970.68,388.47,992.33,4605.38
2021-10-30,987.35,2970.68,388.47,992.33,4605.38
2021-10-31,987.35,2970.68,388.47,992.33,4605.38
2021-11-01,983.31,2978.94,389.81,998.57,4613.67
2021-11-02,989.37,3013.49,394.82,1009.44,4630.65
2021-11-03,999.99,2975.71,389.48,1005.0,4660.57
2021-11-04,999.3,2983.22,391.54,1001.43,4680.06
2021-11-05,998.34,2969.27,389.86,1001.35,4697.53
2021-11-06,998.34,2969.27,389.86,1001.35,4697.53
2021-11-07,998.35,2969.27,389.86,1001.35,4697.53
2021-11-08,1009.62,2960.2,389.59,1002.5,4701.7
2021-11-09,1008.1,2962.46,390.36,1008.68,4685.25
2021-11-10,975.66,2930.17,386.24,987.75,4646.71
2021-11-11,977.8,2924.92,385.97,992.65,4649.27
2021-11-12,1008.1,2968.8,390.38,1009.07,4682.85
2021-11-13,1008.11,2968.8,390.38,1009.07,4682.85
2021-11-14,1008.11,2968.8,390.38,1009.07,4682.85
2021-11-15,1005.47,2999.52,394.36,1029.03,4682.8
2021-11-16,997.06,2997.21,394.07,1035.46,4700.9
2021-11-17,988.1,2962.42,389.44,1031.26,4688.67
2021-11-18,983.32,2947.38,387.44,1032.77,4704.54
2021-11-19,990.13,2971.02,390.53,1041.92,4697.96
2021-11-20,990.13,2971.02,390.53,1041.92,4697.96
2021-11-21,990.14,2971.02,390.53,1041.92,4697.96
2021-11-22,996.21,3013.25,399.07,1032.31,4682.94
2021-11-23,988.07,2997.33,396.44,1013.72,4690.7
2021-11-24,993.69,2994.29,395.4,1020.13,4701.46
2021-11-25,989.4,2980.27,391.93,1015.66,4701.46
2021-11-26,972.9,2936.44,385.07,1005.89,4594.62
2021-11-27,972.91,2936.44,385.07,1005.89,4594.62
2021-11-28,972.91,2936.44,385.07,1005.89,4594.62
2021-11-29,966.16,2909.32,381.63,992.34,4655.27
2021-11-30,953.35,2839.01,373.24,965.63,4567.0
2021-12-01,968.95,2899.72,383.13,977.15,4513.04
2021-12-02,980.1,2945.27,389.64,977.43,4577.1
2021-12-03,984.91,2968.33,391.96,998.47,4538.43
2021-12-04,984.91,2968.33,391.96,998.47,4538.43
2021-12-05,984.92,2968.33,391.96,998.47,4538.43
2021-12-06,982.92,2973.25,392.85,991.87,4591.67
2021-12-07,979.01,2991.72,396.31,996.64,4686.75
2021-12-08,976.75,3001.8,397.27,1006.04,4701.21
2021-12-09,978.46,3029.57,401.13,1022.87,4667.45
2021-12-10,976.2,3010.23,397.97,1011.57,4712.02
2021-12-11,976.2,3010.23,397.97,1011.57,4712.02
2021-12-12,976.21,3010.23,397.97,1011.57,4712.02
2021-12-13,982.21,3001.66,397.27,1005.96,4668.97
2021-12-14,973.84,2987.95,395.41,1002.81,4634.09
2021-12-15,970.61,2989.39,395.66,1003.52,4709.85
2021-12-16,972.93,3006.41,397.68,1007.86,4668.67
2021-12-17,980.94,3017.73,398.96,1001.26,4620.64
2021-12-18,980.95,3017.73,398.96,1001.26,4620.64
2021-12-19,980.96,3017.73,398.96,1001.26,4620.64
2021-12-20,971.67,2963.0,391.37,990.51,4568.02
2021-12-21,971.47,2975.03,393.95,996.6,4649.23
2021-12-22,974.76,2984.48,396.07,1000.13,4696.56
2021-12-23,977.45,2998.17,398.15,1003.31,4725.79
2021-12-24,984.43,3012.43,400.53,1007.42,4725.79
2021-12-25,984.43,3012.43,400.53,1007.42,4725.79
2021-12-26,984.44,3012.43,400.53,1007.42,4725.79
2021-12-27,992.17,2999.55,398.61,1011.36,4791.19
2021-12-28,991.74,3020.24,401.21,1027.44,4786.35
2021-12-29,1010.91,2993.29,396.72,1028.05,4793.06
2021-12-30,1035.31,2977.65,394.19,1033.98,4778.73
2021-12-31,1035.31,2977.65,394.19,1033.98,4766.18
2022-01-01,1035.32,2977.65,394.19,1033.98,4766.18
2022-01-02,1035.32,2977.65,394.19,1033.98,4766.18
2022-01-03,1046.82,2988.77,395.51,1037.83,4796.56
2022-01-04,1065.95,2989.24,395.4,1031.66,4793.54
2022-01-05,1053.92,2953.97,390.39,1009.62,4700.58
2022-01-06,1032.92,2920.53,386.22,980.3,4696.05
2022-01-07,1049.45,2954.89,390.85,995.16,4677.03
2022-01-08,1049.45,2954.89,390.85,995.16,4677.03
2022-01-09,1049.45,2954.89,390.85,995.16,4677.03
2022-01-10,1041.43,2926.72,387.52,980.38,4670.29
2022-01-11,1036.39,2927.38,388.97,969.92,4713.07
2022-01-12,1063.73,2972.48,394.66,991.33,4726.35
2022-01-13,1059.93,2962.09,393.0,983.25,4659.03
2022-01-14,1070.74,2921.92,387.45,971.39,4662.85
2022-01-15,1070.75,2921.92,387.45,971.39,4662.85
2022-01-16,1070.75,2921.92,387.45,971.39,4662.85
2022-01-17,1055.03,2890.1,383.81,957.9,4662.85
2022-01-18,1051.65,2864.24,381.01,943.94,4577.11
2022-01-19,1042.89,2842.28,378.21,933.9,4532.76
2022-01-20,1056.98,2862.68,380.39,958.7,4482.73
2022-01-21,1041.23,2834.29,376.08,942.85,4397.94
2022-01-22,1041.23,2834.29,376.08,942.85,4397.94
2022-01-23,1041.23,2834.29,376.08,942.85,4397.94
2022-01-24,1023.89,2792.0,371.3,915.4,4410.13
2022-01-25,1009.1,2720.39,362.39,889.44,4356.45
2022-01-26,996.9,2709.24,360.83,882.09,4349.93
2022-01-27,962.46,2614.49,348.58,849.23,4326.51
2022-01-28,987.12,2663.34,357.98,872.87,4431.85
2022-01-29,987.12,2663.34,357.98,872.87,4431.85
2022-01-30,987.12,2663.34,357.98,872.87,4431.85
2022-01-31,987.12,2663.34,357.98,872.87,4515.55
2022-02-01,987.12,2663.34,357.98,872.87,4515.55
2022-02-02,987.12,2663.34,357.98,872.87,4589.38
2022-02-03,1004.0,2707.82,361.6,891.6,4477.44
2022-02-04,1005.64,2750.26,366.34,902.87,4500.53
2022-02-05,1005.65,2750.26,366.34,902.87,4500.53
2022-02-06,1005.65,2750.26,366.34,902.87,4500.53
2022-02-07,1007.28,2745.06,362.92,899.4,4483.87
2022-02-08,988.56,2746.47,363.48,895.27,4521.54
2022-02-09,995.76,2768.85,368.65,910.53,4587.18
2022-02-10,991.62,2771.93,371.57,895.68,4504.08
2022-02-11,973.34,2747.71,368.61,877.42,4418.64
2022-02-12,973.34,2747.71,368.61,877.42,4418.64
2022-02-13,973.34,2747.71,368.61,877.42,4418.64
2022-02-14,956.48,2704.48,362.98,852.79,4401.67
2022-02-15,938.49,2676.54,360.43,839.92,4471.07
2022-02-16,956.81,2729.68,367.3,878.15,4475.01
2022-02-17,960.55,2744.09,369.55,874.22,4380.26
2022-02-18,965.7,2744.52,368.55,881.71,4348.87
2022-02-19,965.7,2744.52,368.55,881.71,4348.87
2022-02-20,965.71,2744.52,368.55,881.71,4348.87
2022-02-21,973.66,2743.8,368.29,884.25,4348.87
2022-02-22,968.67,2706.79,363.51,868.11,4304.76
2022-02-23,979.17,2719.53,364.44,877.33,4225.5
2022-02-24,960.1,2648.8,355.04,848.21,4288.7
2022-02-25,973.09,2676.76,358.44,872.98,4384.65
2022-02-26,973.09,2676.76,358.44,872.98,4384.65
2022-02-27,973.09,2676.76,358.44,872.98,4384.65
2022-02-28,992.0,2699.18,361.54,881.07,4373.94
2022-03-01,992.01,2699.18,361.54,881.07,4306.26
2022-03-02,998.89,2703.52,360.59,895.45,4386.54
2022-03-03,1002.88,2747.08,367.06,912.32,4363.49
2022-03-04,1007.73,2713.43,361.69,900.96,4328.87
2022-03-05,1007.73,2713.43,361.69,900.96,4328.87
2022-03-06,1007.73,2713.43,361.69,900.96,4328.87
2022-03-07,992.4,2651.31,353.03,881.54,4201.09
2022-03-08,982.6,2622.4,349.38,870.14,4170.7
2022-03-09,982.6,2622.4,349.38,870.14,4277.88
2022-03-10,989.04,2680.32,358.01,889.08,4259.52
2022-03-11,1000.86,2661.28,355.31,891.71,4204.31
2022-03-12,1000.87,2661.28,355.31,891.71,4204.31
2022-03-13,1000.88,2661.28,355.31,891.71,4204.31
2022-03-14,984.48,2645.65,354.61,872.44,4173.11
2022-03-15,982.99,2621.53,351.03,871.22,4262.45
2022-03-16,984.49,2659.23,356.09,891.8,4357.86
2022-03-17,983.49,2694.51,361.46,914.13,4411.67
2022-03-18,993.44,2707.02,362.33,922.96,4463.12
2022-03-19,993.44,2707.02,362.33,922.96,4463.12
2022-03-20,993.44,2707.02,362.33,922.96,4463.12
2022-03-21,997.15,2686.05,358.77,918.4,4461.18
2022-03-22,1006.2,2710.0,361.66,924.67,4511.61
2022-03-23,1020.14,2735.05,364.84,930.57,4456.24
2022-03-24,1021.99,2729.66,363.38,931.75,4520.16
2022-03-25,1012.02,2729.98,362.06,934.69,4543.06
2022-03-26,1012.02,2729.98,362.06,934.69,4543.06
2022-03-27,1012.03,2729.98,362.06,934.69,4543.06
2022-03-28,1012.74,2729.56,362.06,927.11,4575.52
2022-03-29,1014.27,2741.07,363.77,937.83,4631.6
2022-03-30,1011.16,2746.74,364.5,939.07,4602.45
2022-03-31,1017.03,2757.65,365.61,944.53,4530.41
2022-04-01,1021.21,2739.85,363.19,940.57,4545.86
2022-04-02,1021.21,2739.85,363.19,940.57,4545.86
2022-04-03,1021.21,2739.85,363.19,940.57,4545.86
2022-04-04,1043.87,2757.9,364.94,947.32,4582.64
2022-04-05,1056.12,2759.2,364.74,952.47,4525.12
2022-04-06,1050.88,2735.03,361.01,943.13,4481.15
2022-04-07,1038.03,2695.86,355.73,927.95,4500.21
2022-04-08,1034.48,2700.39,356.01,934.73,4488.28
2022-04-09,1034.49,2700.39,356.01,934.73,4488.28
2022-04-10,1034.49,2700.39,356.01,934.73,4488.28
2022-04-11,1043.07,2693.1,355.78,921.83,4412.53
2022-04-12,1031.72,2666.76,352.32,913.82,4397.45
2022-04-13,1044.75,2716.49,359.0,927.31,4446.59
2022-04-14,1070.64,2716.71,357.38,928.01,4392.59
2022-04-15,1071.41,2696.06,353.84,924.44,4392.59
2022-04-16,1071.42,2696.06,353.84,924.44,4392.59
2022-04-17,1071.42,2696.06,353.84,924.44,4392.59
2022-04-18,1074.64,2693.21,353.63,918.23,4391.69
2022-04-19,1073.7,2718.89,357.36,931.56,4462.21
2022-04-20,1083.1,2718.69,357.52,928.93,4459.45
2022-04-21,1082.44,2728.21,359.02,929.68,4393.66
2022-04-22,1080.71,2704.71,355.43,922.78,4271.78
2022-04-23,1080.72,2704.71,355.43,922.78,4271.78
2022-04-24,1080.72,2704.71,355.43,922.78,4271.78
2022-04-25,1054.64,2657.13,348.98,899.84,4296.12
2022-04-26,1058.02,2668.31,350.67,911.16,4175.2
2022-04-27,1055.26,2639.06,346.21,896.18,4183.96
2022-04-28,1063.8,2667.49,350.16,892.22,4287.5
2022-04-29,1071.06,2695.05,355.08,904.75,4131.93
2022-04-30,1071.07,2695.05,355.08,904.75,4131.93
2022-05-01,1071.08,2695.05,355.08,904.75,4131.93
2022-05-02,1075.84,2687.45,354.02,901.82,4155.38
2022-05-03,1071.79,2680.46,353.32,907.57,4175.48
2022-05-04,1065.43,2677.57,353.85,900.06,4300.17
2022-05-05,1065.44,2677.57,353.85,900.06,4146.87
2022-05-06,1062.69,2644.51,349.0,884.22,4123.34
2022-05-07,1062.69,2644.51,349.0,884.22,4123.34
2022-05-08,1062.7,2644.51,349.0,884.22,4123.34
2022-05-09,1046.27,2610.81,345.41,860.84,3991.24
2022-05-10,1045.71,2596.56,343.67,856.14,4001.05
2022-05-11,1038.94,2592.27,343.44,866.34,3935.18
2022-05-12,1027.79,2550.08,337.94,833.66,3930.08
2022-05-13,1039.16,2604.24,345.5,853.08,4023.89
2022-05-14,1039.17,2604.24,345.5,853.08,4023.89
2022-05-15,1039.17,2604.24,345.5,853.08,4023.89
2022-05-16,1053.46,2596.58,343.94,856.25,4008.01
2022-05-17,1049.46,2620.44,347.53,865.98,4088.85
2022-05-18,1041.73,2625.98,348.34,871.57,3923.68
2022-05-19,1030.57,2592.34,343.24,863.8,3900.79
2022-05-20,1041.46,2639.29,349.29,879.88,3901.36
2022-05-21,1041.47,2639.29,349.29,879.88,3901.36
2022-05-22,1041.47,2639.29,349.29,879.88,3901.36
2022-05-23,1030.49,2647.38,350.34,883.59,3973.75
2022-05-24,1007.52,2605.87,344.08,865.07,3941.48
2022-05-25,1017.25,2617.22,345.6,872.69,3978.73
2022-05-26,1018.13,2612.45,344.26,871.43,4057.84
2022-05-27,1015.69,2638.05,348.04,873.97,4158.24
2022-05-28,1015.7,2638.05,348.04,873.97,4158.24
2022-05-29,1015.71,2638.05,348.04,873.97,4158.24
2022-05-30,1027.67,2669.66,352.49,886.44,4158.24
2022-05-31,1052.47,2685.9,354.54,893.36,4132.15
2022-06-01,1052.48,2685.9,354.54,893.36,4101.23
2022-06-02,1045.14,2658.99,350.51,891.14,4176.82
2022-06-03,1052.35,2670.65,352.01,891.51,4108.54
2022-06-04,1052.36,2670.65,352.01,891.51,4108.54
2022-06-05,1052.36,2670.65,352.01,891.51,4108.54
2022-06-06,1052.37,2670.65,352.01,891.51,4121.43
2022-06-07,1039.61,2626.34,345.67,873.78,4160.68
2022-06-08,1046.49,2626.15,346.22,874.95,4115.77
2022-06-09,1039.63,2625.44,346.62,877.18,4017.82
2022-06-10,1021.4,2595.87,341.89,869.86,3900.86
2022-06-11,1021.41,2595.87,341.89,869.86,3900.86
2022-06-12,1021.41,2595.87,341.89,869.86,3900.86
2022-06-13,990.16,2504.51,329.88,828.77,3749.63
2022-06-14,980.65,2492.97,328.23,823.58,3735.48
2022-06-15,956.01,2447.38,322.21,799.41,3789.99
2022-06-16,966.18,2451.41,322.25,802.15,3666.77
2022-06-17,973.23,2440.93,320.09,798.69,3674.84
2022-06-18,973.24,2440.93,320.09,798.69,3674.84
2022-06-19,973.25,2440.93,320.09,798.69,3674.84
2022-06-20,949.34,2391.03,314.44,769.92,3674.84
2022-06-21,962.36,2408.93,316.38,778.3,3764.79
2022-06-22,933.3,2342.81,308.08,746.96,3759.89
2022-06-23,917.67,2314.32,305.45,714.38,3795.73
2022-06-24,933.86,2366.6,312.07,750.3,3911.74
2022-06-25,933.87,2366.6,312.07,750.3,3911.74
2022-06-26,933.89,2366.6,312.07,750.3,3911.74
2022-06-27,950.9,2401.92,316.2,770.6,3900.11
2022-06-28,967.25,2422.09,319.11,769.51,3821.55
2022-06-29,963.04,2377.99,312.86,762.35,3818.83
2022-06-30,947.58,2332.64,307.2,745.44,3785.38
2022-07-01,936.88,2305.42,304.02,729.48,3825.33
2022-07-02,936.89,2305.42,304.02,729.48,3825.33
2022-07-03,936.91,2305.42,304.02,729.48,3825.33
2022-07-04,923.73,2300.34,304.01,722.73,3825.33
2022-07-05,942.49,2341.78,309.03,750.95,3831.39
2022-07-06,894.07,2292.01,302.28,744.63,3845.08
2022-07-07,899.54,2334.27,308.31,757.97,3902.62
2022-07-08,908.55,2350.61,310.15,766.48,3899.38
2022-07-09,908.56,2350.61,310.15,766.48,3899.38
2022-07-10,908.58,2350.61,310.15,766.48,3899.38
2022-07-11,898.76,2340.27,308.29,767.04,3854.43
2022-07-12,888.39,2317.76,305.03,750.78,3818.8
2022-07-13,887.21,2328.61,306.59,763.18,3801.78
2022-07-14,891.42,2322.32,305.35,766.08,3790.38
2022-07-15,885.85,2330.98,307.91,762.39,3863.16
2022-07-16,885.87,2330.98,307.91,762.39,3863.16
2022-07-17,885.88,2330.98,307.91,762.39,3863.16
2022-07-18,903.09,2375.25,314.87,776.72,3830.85
2022-07-19,910.82,2370.97,313.9,782.33,3936.69
2022-07-20,916.14,2386.85,316.02,790.72,3959.9
2022-07-21,915.16,2409.16,319.68,795.15,3998.95
2022-07-22,911.8,2393.14,317.33,789.75,3961.63
2022-07-23,911.81,2393.14,317.33,789.75,3961.63
2022-07-24,911.83,2393.14,317.33,789.75,3961.63
2022-07-25,917.63,2403.69,318.34,789.69,3966.84
2022-07-26,927.18,2412.96,319.61,789.93,3921.05
2022-07-27,930.99,2415.53,319.74,795.7,4023.61
2022-07-28,937.06,2435.27,321.62,798.32,4072.43
2022-07-29,958.62,2451.5,323.31,803.62,4130.29
2022-07-30,958.64,2451.5,323.31,803.62,4130.29
2022-07-31,958.66,2451.5,323.31,803.62,4130.29
2022-08-01,959.69,2452.25,322.97,807.61,4118.63
2022-08-02,949.15,2439.62,321.64,804.34,4091.19
2022-08-03,952.34,2461.45,323.8,815.36,4155.17
2022-08-04,948.71,2473.11,325.47,825.16,4151.94
2022-08-05,956.63,2490.8,327.5,831.64,4145.19
2022-08-06,956.64,2490.8,327.5,831.64,4145.19
2022-08-07,956.65,2490.8,327.5,831.64,4145.19
2022-08-08,962.48,2493.1,327.23,830.86,4140.06
2022-08-09,964.29,2503.46,328.11,833.65,4122.47
2022-08-10,970.23,2480.88,324.35,820.27,4210.24
2022-08-11,987.93,2523.78,329.92,832.15,4207.27
2022-08-12,1009.04,2527.94,330.67,831.63,4280.15
2022-08-13,1009.05,2527.94,330.67,831.63,4280.15
2022-08-14,1009.07,2527.94,330.67,831.63,4280.15
2022-08-15,1009.08,2527.94,330.67,831.63,4297.14
2022-08-16,995.68,2533.52,331.78,834.74,4305.2
2022-08-17,1016.5,2516.47,329.91,827.42,4274.04
2022-08-18,1021.28,2508.05,328.8,826.06,4283.74
2022-08-19,1024.7,2492.69,326.79,814.17,4228.48
2022-08-20,1024.72,2492.69,326.79,814.17,4228.48
2022-08-21,1024.73,2492.69,326.79,814.17,4228.48
2022-08-22,1019.98,2462.5,322.77,795.87,4137.99
2022-08-23,1033.49,2435.34,318.69,783.42,4128.73
2022-08-24,1041.81,2447.45,319.86,793.14,4140.77
2022-08-25,1043.14,2477.26,323.63,807.37,4199.12
2022-08-26,1038.04,2481.03,323.91,802.45,4057.66
2022-08-27,1038.05,2481.03,323.91,802.45,4057.66
2022-08-28,1038.06,2481.03,323.91,802.45,4057.66
2022-08-29,1024.33,2426.89,316.35,779.89,4030.61
2022-08-30,1031.81,2450.93,319.49,797.02,3986.16
2022-08-31,1034.64,2472.05,322.96,807.04,3955.0
2022-09-01,1006.71,2415.61,315.02,788.32,3966.85
2022-09-02,1003.05,2409.41,312.92,785.88,3924.26
2022-09-03,1003.06,2409.41,312.92,785.88,3924.26
2022-09-04,1003.07,2409.41,312.92,785.88,3924.26
2022-09-05,1011.59,2403.68,312.47,771.43,3924.26
2022-09-06,1013.63,2410.02,313.01,779.46,3908.19
2022-09-07,1005.58,2376.46,308.16,768.19,3979.87
2022-09-08,1004.49,2384.28,309.12,777.81,4006.18
2022-09-09,1004.5,2384.28,309.12,777.81,4067.36
2022-09-10,1004.51,2384.28,309.12,777.81,4067.36
2022-09-11,1004.52,2384.28,309.12,777.81,4067.36
2022-09-12,1004.54,2384.28,309.12,777.81,4110.41
2022-09-13,1009.33,2449.54,318.56,796.79,3932.69
2022-09-14,995.21,2411.42,312.74,782.93,3946.01
2022-09-15,1010.6,2401.83,310.63,781.38,3901.35
2022-09-16,996.88,2382.78,308.69,770.04,3873.33
2022-09-17,996.89,2382.78,308.69,770.04,3873.33
2022-09-18,996.9,2382.78,308.69,770.04,3873.33
2022-09-19,977.08,2355.66,306.49,751.91,3899.89
2022-09-20,994.66,2367.85,307.54,760.35,3855.93
2022-09-21,989.68,2347.21,304.67,754.89,3789.93
2022-09-22,984.73,2332.31,301.65,751.41,3757.99
2022-09-23,962.2,2290.0,297.74,729.36,3693.23
2022-09-24,962.21,2290.0,297.74,729.36,3693.23
2022-09-25,962.22,2290.0,297.74,729.36,3693.23
2022-09-26,917.05,2220.94,289.77,692.37,3655.04
2022-09-27,917.16,2223.86,290.2,698.11,3647.29
2022-09-28,887.1,2169.29,283.19,673.87,3719.04
2022-09-29,902.8,2170.93,282.65,675.07,3640.47
2022-09-30,903.05,2155.49,281.36,672.65,3585.62
2022-10-01,903.06,2155.49,281.36,672.65,3585.62
2022-10-02,903.07,2155.49,281.36,672.65,3585.62
2022-10-03,903.08,2155.49,281.36,672.65,3678.43
2022-10-04,922.89,2209.38,288.27,696.79,3790.93
2022-10-05,918.19,2215.22,289.05,685.34,3783.28
2022-10-06,928.67,2237.86,291.26,706.01,3744.52
2022-10-07,936.64,2232.84,290.41,698.49,3639.66
2022-10-08,936.65,2232.84,290.41,698.49,3639.66
2022-10-09,936.66,2232.84,290.41,698.49,3639.66
2022-10-10,936.67,2232.84,290.41,698.49,3612.39
2022-10-11,906.49,2192.07,284.96,669.5,3588.84
2022-10-12,912.62,2202.47,287.09,671.67,3577.03
2022-10-13,891.91,2162.87,282.57,651.59,3669.91
2022-10-14,922.03,2212.55,289.36,678.24,3583.07
2022-10-15,922.04,2212.55,289.36,678.24,3583.07
2022-10-16,922.05,2212.55,289.36,678.24,3583.07
2022-10-17,921.65,2219.71,289.57,682.0,3677.95
2022-10-18,949.38,2249.95,293.59,697.09,3719.98
2022-10-19,943.21,2237.44,291.29,690.56,3695.16
2022-10-20,946.04,2218.09,288.61,680.44,3665.78
2022-10-21,933.9,2213.12,288.57,674.48,3752.75
2022-10-22,933.91,2213.12,288.57,674.48,3752.75
2022-10-23,933.92,2213.12,288.57,674.48,3752.75
2022-10-24,926.76,2236.16,291.47,688.5,3797.34
2022-10-25,925.92,2235.07,291.58,688.85,3859.11
2022-10-26,919.06,2249.56,293.85,683.17,3830.6
2022-10-27,933.56,2288.78,298.82,695.09,3807.3
2022-10-28,937.59,2268.4,295.06,687.63,3901.06
2022-10-29,937.6,2268.4,295.06,687.63,3901.06
2022-10-30,937.61,2268.4,295.06,687.63,3901.06
2022-10-31,940.73,2293.61,299.58,695.33,3871.98
2022-11-01,962.48,2335.22,303.88,700.05,3856.1
2022-11-02,957.46,2336.87,303.87,697.37,3759.69
2022-11-03,963.94,2329.17,301.66,694.13,3719.89
2022-11-04,959.48,2348.43,304.33,693.89,3770.55
2022-11-05,959.49,2348.43,304.33,693.89,3770.55
2022-11-06,959.5,2348.43,304.33,693.89,3770.55
2022-11-07,963.88,2371.79,307.87,700.48,3806.8
2022-11-08,963.94,2399.04,312.01,713.33,3828.11
2022-11-09,998.11,2424.41,315.23,714.6,3748.57
2022-11-10,989.65,2402.23,311.13,707.78,3956.37
2022-11-11,996.47,2483.16,323.09,731.22,3992.93
2022-11-12,996.48,2483.16,323.09,731.22,3992.93
2022-11-13,996.49,2483.16,323.09,731.22,3992.93
2022-11-14,988.89,2474.65,321.53,729.54,3957.25
2022-11-15,987.14,2480.33,322.31,744.96,3991.73
2022-11-16,1002.2,2477.45,321.96,743.1,3958.79
2022-11-17,1001.65,2442.9,316.75,737.54,3946.56
2022-11-18,998.79,2444.48,317.12,731.92,3965.34
2022-11-19,998.8,2444.48,317.12,731.92,3965.34
2022-11-20,998.81,2444.48,317.12,731.92,3965.34
2022-11-21,994.23,2419.5,314.67,718.57,3949.94
2022-11-22,1051.79,2405.27,312.02,712.26,4003.58
2022-11-23,1056.75,2418.01,314.11,725.59,4027.26
2022-11-24,1062.1,2441.33,317.3,738.22,4027.26
2022-11-25,1066.98,2437.86,316.07,733.56,4026.12
2022-11-26,1067.0,2437.86,316.07,733.56,4026.12
2022-11-27,1067.02,2437.86,316.07,733.56,4026.12
2022-11-28,1059.57,2408.27,312.21,717.9,3963.94
2022-11-29,1084.37,2433.39,315.58,727.54,3957.63
2022-11-30,1099.89,2472.53,321.0,729.54,4080.11
2022-12-01,1087.43,2479.84,322.02,740.6,4076.57
2022-12-02,1076.84,2434.33,315.02,732.95,4071.7
2022-12-03,1076.85,2434.33,315.02,732.95,4071.7
2022-12-04,1076.86,2434.33,315.02,732.95,4071.7
2022-12-05,1064.64,2419.32,313.91,733.32,3998.84
2022-12-06,1054.13,2393.16,310.14,719.44,3941.26
2022-12-07,1043.06,2382.81,308.27,718.14,3933.92
2022-12-08,1034.6,2371.08,308.24,712.52,3963.51
2022-12-09,1038.33,2389.04,311.63,719.49,3934.38
2022-12-10,1038.34,2389.04,311.63,719.49,3934.38
2022-12-11,1038.36,2389.04,311.63,719.49,3934.38
2022-12-12,1034.49,2373.02,309.64,715.22,3990.56
2022-12-13,1030.77,2372.4,309.56,715.16,4019.65
2022-12-14,1045.22,2399.25,313.23,729.0,3995.32
2022-12-15,1041.26,2360.97,307.73,722.68,3895.75
2022-12-16,1044.44,2360.02,307.48,717.41,3852.36
2022-12-17,1044.45,2360.02,307.48,717.41,3852.36
2022-12-18,1044.46,2360.02,307.48,717.41,3852.36
2022-12-19,1045.63,2352.17,306.77,717.22,3817.66
2022-12-20,1047.03,2333.29,304.05,703.13,3821.62
2022-12-21,1052.83,2328.95,303.23,705.7,3878.44
2022-12-22,1066.58,2356.73,307.48,715.02,3822.39
2022-12-23,1049.59,2313.69,302.07,691.25,3844.82
2022-12-24,1049.6,2313.69,302.07,691.25,3844.82
2022-12-25,1049.61,2313.69,302.07,691.25,3844.82
2022-12-26,1056.15,2317.14,302.27,694.68,3844.82
2022-12-27,1070.44,2332.79,304.22,704.19,3829.25
2022-12-28,1073.12,2280.45,297.09,692.37,3783.22
2022-12-29,1044.68,2236.4,291.1,679.29,3849.28
2022-12-30,1044.69,2236.4,291.1,679.29,3839.5
2022-12-31,1044.69,2236.4,291.1,679.29,3839.5
2023-01-01,1044.7,2236.4,291.1,679.29,3839.5
2023-01-02,1025.13,2225.67,289.79,671.51,3839.5
2023-01-03,1020.44,2218.68,289.58,674.95,3824.14
2023-01-04,1033.87,2255.98,295.98,683.67,3852.97
2023-01-05,1009.87,2264.65,297.87,679.92,3808.1
2023-01-06,1010.81,2289.97,301.53,688.94,3895.08
2023-01-07,1010.82,2289.97,301.53,688.94,3895.08
2023-01-08,1010.82,2289.97,301.53,688.94,3895.08
2023-01-09,1032.68,2350.19,309.69,701.21,3892.09
2023-01-10,1031.71,2351.31,309.57,696.05,3919.25
2023-01-11,1036.44,2359.53,310.38,709.77,3969.61
2023-01-12,1054.76,2365.1,310.7,710.82,3983.17
2023-01-13,1067.34,2386.09,313.77,711.82,3999.09
2023-01-14,1067.34,2386.09,313.77,711.82,3999.09
2023-01-15,1067.34,2386.09,313.77,711.82,3999.09
2023-01-16,1073.47,2399.86,316.04,716.89,3999.09
2023-01-17,1067.76,2379.39,313.75,709.71,3990.97
2023-01-18,1066.52,2368.32,311.91,711.75,3928.86
2023-01-19,1074.82,2380.34,313.81,712.89,3898.85
2023-01-20,1078.65,2395.26,315.58,717.97,3972.61
2023-01-21,1078.66,2395.26,315.58,717.97,3972.61
2023-01-22,1078.66,2395.26,315.58,717.97,3972.61
2023-01-23,1078.66,2395.26,315.58,717.97,4019.81
2023-01-24,1078.67,2395.26,315.58,717.97,4016.95
2023-01-25,1079.39,2428.57,320.76,732.35,4016.22
2023-01-26,1092.04,2468.65,325.57,738.94,4060.43
2023-01-27,1091.73,2484.02,327.98,741.25,4070.56
2023-01-28,1091.73,2484.02,327.98,741.25,4070.56
2023-01-29,1091.73,2484.02,327.98,741.25,4070.56
2023-01-30,1078.91,2450.47,322.67,738.62,4017.77
2023-01-31,1085.06,2425.08,317.26,740.49,4076.6
2023-02-01,1088.13,2449.8,321.19,750.96,4119.21
2023-02-02,1076.16,2468.88,323.93,764.62,4179.76
2023-02-03,1074.49,2480.4,325.86,766.79,4136.48
2023-02-04,1074.49,2480.4,325.86,766.79,4136.48
2023-02-05,1074.5,2480.4,325.86,766.79,4136.48
2023-02-06,1063.71,2438.19,318.83,761.33,4111.08
2023-02-07,1073.29,2451.71,320.55,772.79,4164.0
2023-02-08,1079.73,2483.64,325.63,779.98,4117.86
2023-02-09,1086.5,2481.52,324.9,784.58,4081.5
2023-02-10,1086.17,2469.73,323.69,772.44,4090.46
2023-02-11,1086.17,2469.73,323.69,772.44,4090.46
2023-02-12,1086.17,2469.73,323.69,772.44,4090.46
2023-02-13,1100.43,2452.7,321.75,772.55,4137.29
2023-02-14,1101.14,2465.64,323.47,779.58,4136.13
2023-02-15,1083.75,2427.9,317.99,765.46,4147.6
2023-02-16,1099.88,2475.48,324.1,784.71,4090.41
2023-02-17,1105.16,2451.21,320.78,775.62,4079.09
2023-02-18,1105.16,2451.21,320.78,775.62,4079.09
2023-02-19,1105.16,2451.21,320.78,775.62,4079.09
2023-02-20,1123.63,2455.12,321.79,788.89,4079.09
2023-02-21,1141.28,2458.96,321.56,793.42,3997.34
2023-02-22,1118.94,2417.68,315.94,778.51,3991.05
2023-02-23,1119.18,2439.09,319.44,783.28,4012.32
2023-02-24,1114.72,2423.61,316.94,778.88,3970.04
2023-02-25,1114.72,2423.61,316.94,778.88,3970.04
2023-02-26,1114.73,2423.61,316.94,778.88,3970.04
2023-02-27,1108.12,2402.64,313.94,780.3,3982.24
2023-02-28,1137.5,2412.85,314.8,791.6,3970.15
2023-03-01,1137.51,2412.85,314.8,791.6,3951.39
2023-03-02,1144.22,2427.85,316.26,787.19,3981.35
2023-03-03,1152.42,2432.07,316.36,802.42,4045.64
2023-03-04,1152.43,2432.07,316.36,802.42,4045.64
2023-03-05,1152.44,2432.07,316.36,802.42,4045.64
2023-03-06,1155.56,2462.62,320.94,816.51,4048.42
2023-03-07,1156.97,2463.35,319.8,815.76,3986.37
2023-03-08,1149.12,2431.91,315.38,813.95,3992.01
2023-03-09,1147.47,2419.09,314.04,809.22,3918.32
2023-03-10,1136.6,2394.59,310.65,788.6,3861.59
2023-03-11,1136.6,2394.59,310.65,788.6,3861.59
2023-03-12,1136.6,2394.59,310.65,788.6,3861.59
2023-03-13,1122.33,2410.6,313.21,788.89,3855.76
2023-03-14,1078.11,2348.97,305.58,758.05,3919.29
2023-03-15,1113.3,2379.72,309.1,781.17,3891.93
2023-03-16,1102.33,2377.91,308.39,781.98,3960.28
2023-03-17,1109.02,2395.69,312.07,797.39,3916.64
2023-03-18,1109.03,2395.69,312.07,797.39,3916.64
2023-03-19,1109.05,2395.69,312.07,797.39,3916.64
2023-03-20,1110.3,2379.2,309.49,802.2,3951.57
2023-03-21,1115.12,2388.35,310.36,802.53,4002.87
2023-03-22,1130.11,2416.96,314.11,813.43,3936.97
2023-03-23,1118.17,2424.48,315.75,812.19,3948.72
2023-03-24,1115.91,2414.96,314.3,824.11,3970.99
2023-03-25,1115.93,2414.96,314.3,824.11,3970.99
2023-03-26,1115.95,2414.96,314.3,824.11,3970.99
2023-03-27,1135.24,2409.22,312.85,827.69,3977.53
2023-03-28,1164.85,2434.94,316.36,833.51,3971.27
2023-03-29,1163.27,2443.92,317.01,843.94,4027.81
2023-03-30,1175.34,2453.16,318.05,850.48,4050.83
2023-03-31,1160.62,2476.86,322.03,847.52,4109.31
2023-04-01,1160.64,2476.86,322.03,847.52,4109.31
2023-04-02,1160.66,2476.86,322.03,847.52,4109.31
2023-04-03,1177.47,2472.34,320.38,854.96,4124.51
2023-04-04,1172.63,2480.51,321.75,857.18,4100.6
2023-04-05,1174.23,2495.21,323.56,872.36,4090.38
2023-04-06,1159.87,2459.23,317.82,865.58,4105.02
2023-04-07,1189.44,2490.41,323.36,880.07,4105.02
2023-04-08,1189.45,2490.41,323.36,880.07,4105.02
2023-04-09,1189.46,2490.41,323.36,880.07,4105.02
2023-04-10,1186.19,2512.08,326.38,887.78,4109.11
2023-04-11,1206.78,2547.86,330.87,898.94,4108.94
2023-04-12,1236.93,2550.64,332.09,890.62,4091.95
2023-04-13,1249.19,2561.66,333.09,894.25,4146.22
2023-04-14,1256.48,2571.49,333.68,903.84,4137.64
2023-04-15,1256.5,2571.49,333.68,903.84,4137.64
2023-04-16,1256.53,2571.49,333.68,903.84,4137.64
2023-04-17,1269.86,2575.91,333.92,909.5,4151.32
2023-04-18,1259.04,2571.09,333.5,909.02,4154.87
2023-04-19,1263.0,2575.08,333.77,909.2,4154.52
2023-04-20,1246.64,2563.11,332.66,885.71,4129.79
2023-04-21,1230.42,2544.4,330.94,868.82,4133.52
2023-04-22,1230.44,2544.4,330.94,868.82,4133.52
2023-04-23,1230.47,2544.4,330.94,868.82,4133.52
2023-04-24,1236.63,2523.5,328.7,855.23,4137.04
2023-04-25,1227.7,2489.02,324.48,838.71,4071.63
2023-04-26,1212.9,2484.83,323.97,830.44,4055.99
2023-04-27,1232.3,2495.81,325.09,850.21,4135.35
2023-04-28,1235.71,2501.53,326.46,842.83,4169.48
2023-04-29,1235.73,2501.53,326.46,842.83,4169.48
2023-04-30,1235.76,2501.53,326.46,842.83,4169.48
2023-05-01,1235.79,2501.53,326.46,842.83,4167.87
2023-05-02,1242.25,2524.39,329.09,855.61,4119.58
2023-05-03,1234.18,2501.4,326.52,843.18,4090.75
2023-05-04,1219.09,2500.94,326.17,845.06,4061.22
2023-05-05,1219.11,2500.94,326.17,845.06,4136.25
2023-05-06,1219.14,2500.94,326.17,845.06,4136.25
2023-05-07,1219.16,2500.94,326.17,845.06,4136.25
2023-05-08,1218.04,2513.21,328.9,842.28,4138.12
2023-05-09,1206.35,2510.06,328.22,835.85,4119.17
2023-05-10,1202.13,2496.51,326.04,829.74,4137.64
2023-05-11,1214.09,2491.0,325.28,824.54,4130.62
2023-05-12,1213.75,2475.42,323.61,822.43,4124.08
2023-05-13,1213.77,2475.42,323.61,822.43,4124.08
2023-05-14,1213.79,2475.42,323.61,822.43,4124.08
2023-05-15,1210.26,2479.35,324.46,814.53,4136.28
2023-05-16,1216.91,2480.24,325.31,816.75,4109.9
2023-05-17,1223.28,2494.66,326.61,834.19,4158.77
2023-05-18,1235.31,2515.4,329.84,835.89,4198.05
2023-05-19,1233.43,2537.79,334.23,841.72,4191.98
2023-05-20,1233.45,2537.79,334.23,841.72,4191.98
2023-05-21,1233.47,2537.79,334.23,841.72,4191.98
2023-05-22,1227.71,2557.08,336.27,852.04,4192.63
2023-05-23,1235.73,2567.55,337.09,859.16,4145.58
2023-05-24,1241.3,2567.45,336.49,855.46,4115.24
2023-05-25,1232.4,2554.69,335.35,847.72,4151.28
2023-05-26,1228.29,2558.81,337.11,843.23,4205.45
2023-05-27,1228.31,2558.81,337.11,843.23,4205.45
2023-05-28,1228.33,2558.81,337.11,843.23,4205.45
2023-05-29,1228.35,2558.81,337.11,843.23,4205.45
2023-05-30,1235.74,2585.52,341.5,851.5,4205.52
2023-05-31,1233.88,2577.12,339.12,856.94,4179.83
2023-06-01,1228.52,2569.17,338.08,863.78,4221.02
2023-06-02,1243.02,2601.36,342.67,868.06,4282.37
2023-06-03,1243.03,2601.36,342.67,868.06,4282.37
2023-06-04,1243.05,2601.36,342.67,868.06,4282.37
2023-06-05,1258.82,2615.41,343.91,870.28,4273.79
2023-06-06,1258.84,2615.41,343.91,870.28,4283.85
2023-06-07,1265.72,2615.6,343.22,880.72,4267.52
2023-06-08,1268.3,2610.85,342.75,876.13,4293.93
2023-06-09,1270.3,2641.16,346.79,883.71,4298.86
2023-06-10,1270.31,2641.16,346.79,883.71,4298.86
2023-06-11,1270.32,2641.16,346.79,883.71,4298.86
2023-06-12,1265.24,2629.35,344.57,885.76,4338.93
2023-06-13,1265.18,2637.95,346.39,896.81,4369.01
2023-06-14,1254.6,2619.08,344.65,871.83,4372.59
2023-06-15,1260.23,2608.54,343.19,878.04,4425.84
2023-06-16,1293.31,2625.79,345.17,887.95,4409.59
2023-06-17,1293.32,2625.79,345.17,887.95,4409.59
2023-06-18,1293.33,2625.79,345.17,887.95,4409.59
2023-06-19,1296.11,2609.5,343.13,888.61,4409.59
2023-06-20,1291.22,2604.91,342.58,886.41,4388.71
2023-06-21,1279.64,2582.63,339.44,875.7,4365.69
2023-06-22,1288.29,2593.7,341.12,876.38,4381.89
2023-06-23,1276.03,2570.1,338.45,874.84,4348.33
2023-06-24,1276.05,2570.1,338.45,874.84,4348.33
2023-06-25,1276.06,2570.1,338.45,874.84,4348.33
2023-06-26,1279.52,2582.2,340.38,879.5,4328.82
2023-06-27,1298.6,2581.39,340.32,874.14,4378.41
2023-06-28,1292.47,2564.19,338.41,866.97,4376.86
2023-06-29,1299.67,2550.02,336.39,861.79,4396.44
2023-06-30,1307.12,2564.28,337.95,868.24,4450.38
2023-07-01,1307.14,2564.28,337.95,868.24,4450.38
2023-07-02,1307.15,2564.28,337.95,868.24,4450.38
2023-07-03,1313.45,2602.47,343.08,889.29,4455.59
2023-07-04,1310.55,2593.31,341.59,890.0,4455.59
2023-07-05,1311.11,2579.0,339.04,891.18,4446.82
2023-07-06,1292.28,2556.29,336.2,870.53,4411.59
2023-07-07,1284.43,2526.71,331.57,867.27,4398.95
2023-07-08,1284.45,2526.71,331.57,867.27,4398.95
2023-07-09,1284.46,2526.71,331.57,867.27,4398.95
2023-07-10,1284.08,2520.7,330.84,860.35,4409.53
2023-07-11,1320.16,2562.49,337.02,878.73,4439.26
2023-07-12,1330.63,2574.72,339.46,879.88,4472.16
2023-07-13,1319.47,2591.23,341.13,893.07,4510.04
2023-07-14,1325.53,2628.3,346.93,896.28,4505.42
2023-07-15,1325.54,2628.3,346.93,896.28,4505.42
2023-07-16,1325.56,2628.3,346.93,896.28,4505.42
2023-07-17,1302.67,2619.0,345.75,898.29,4522.79
2023-07-18,1306.62,2607.62,343.38,914.14,4554.98
2023-07-19,1330.32,2608.24,343.11,923.72,4565.72
2023-07-20,1373.28,2600.23,341.67,931.6,4534.87
2023-07-21,1361.14,2609.76,342.39,934.58,4536.34
2023-07-22,1361.16,2609.76,342.39,934.58,4536.34
2023-07-23,1361.17,2609.76,342.39,934.58,4536.34
2023-07-24,1356.85,2628.53,344.32,929.9,4554.64
2023-07-25,1420.23,2636.46,344.92,939.96,4567.46
2023-07-26,1358.03,2592.36,340.56,900.63,4566.75
2023-07-27,1368.13,2603.81,344.76,883.79,4537.41
2023-07-28,1359.38,2608.32,344.03,913.74,4582.23
2023-07-29,1359.4,2608.32,344.03,913.74,4582.23
2023-07-30,1359.43,2608.32,344.03,913.74,4582.23
2023-07-31,1393.47,2632.58,345.62,935.97,4588.96
2023-08-01,1396.79,2667.07,351.0,939.67,4576.73
2023-08-02,1372.21,2616.47,343.8,909.76,4513.39
2023-08-03,1377.19,2605.39,341.54,920.32,4501.89
2023-08-04,1376.79,2602.8,341.25,918.43,4478.03
2023-08-05,1376.82,2602.8,341.25,918.43,4478.03
2023-08-06,1376.85,2602.8,341.25,918.43,4478.03
2023-08-07,1362.08,2580.71,339.68,898.22,4518.44
2023-08-08,1355.72,2573.98,337.95,892.34,4499.38
2023-08-09,1359.43,2605.12,341.61,908.98,4467.71
2023-08-10,1353.63,2601.56,340.46,911.29,4468.83
2023-08-11,1360.58,2591.26,338.98,912.2,4464.05
2023-08-12,1360.61,2591.26,338.98,912.2,4464.05
2023-08-13,1360.64,2591.26,338.98,912.2,4464.05
2023-08-14,1363.44,2570.87,336.33,901.68,4489.72
2023-08-15,1363.47,2570.87,336.33,901.68,4437.86
2023-08-16,1344.22,2525.64,331.28,878.29,4404.33
2023-08-17,1338.16,2519.85,330.23,886.04,4370.36
2023-08-18,1330.66,2504.5,328.42,877.32,4369.71
2023-08-19,1330.69,2504.5,328.42,877.32,4369.71
2023-08-20,1330.72,2504.5,328.42,877.32,4369.71
2023-08-21,1339.55,2508.8,328.84,888.71,4399.77
2023-08-22,1343.36,2515.74,329.7,893.33,4387.55
2023-08-23,1341.63,2505.5,329.15,882.87,4436.01
2023-08-24,1350.34,2537.68,333.82,901.74,4376.31
2023-08-25,1347.21,2519.14,330.25,899.38,4405.71
2023-08-26,1347.24,2519.14,330.25,899.38,4405.71
2023-08-27,1347.27,2519.14,330.25,899.38,4405.71
2023-08-28,1356.44,2543.41,332.53,909.38,4433.31
2023-08-29,1371.11,2552.16,333.76,916.24,4497.63
2023-08-30,1371.45,2561.22,334.94,923.81,4514.87
2023-08-31,1373.19,2556.27,334.75,928.4,4507.66
2023-09-01,1369.3,2563.71,338.28,919.74,4515.77
2023-09-02,1369.33,2563.71,338.28,919.74,4515.77
2023-09-03,1369.36,2563.71,338.28,919.74,4515.77
2023-09-04,1362.96,2584.55,341.02,919.16,4515.77
2023-09-05,1367.67,2582.18,340.29,921.48,4496.83
2023-09-06,1370.24,2563.34,337.85,917.95,4465.48
2023-09-07,1361.22,2548.26,336.74,906.36,4451.14
2023-09-08,1368.63,2547.68,336.4,914.18,4457.49
2023-09-09,1368.66,2547.68,336.4,914.18,4457.49
2023-09-10,1368.69,2547.68,336.4,914.18,4457.49
2023-09-11,1386.1,2556.88,337.58,912.55,4487.46
2023-09-12,1368.39,2536.58,335.54,898.04,4461.9
2023-09-13,1353.92,2534.7,335.99,882.72,4467.44
2023-09-14,1357.75,2572.89,341.19,899.47,4505.1
2023-09-15,1376.87,2601.28,344.98,899.03,4450.32
2023-09-16,1376.9,2601.28,344.98,899.03,4450.32
2023-09-17,1376.94,2601.28,344.98,899.03,4450.32
2023-09-18,1377.1,2574.72,340.67,891.29,4453.53
2023-09-19,1376.04,2559.21,338.82,883.89,4443.95
2023-09-20,1384.35,2559.74,338.75,882.72,4402.2
2023-09-21,1373.79,2514.97,333.04,860.68,4330.0
2023-09-22,1378.51,2508.13,332.02,857.35,4320.06
2023-09-23,1378.54,2508.13,332.02,857.35,4320.06
2023-09-24,1378.58,2508.13,332.02,857.35,4320.06
2023-09-25,1365.34,2495.76,331.58,839.17,4337.44
2023-09-26,1352.58,2462.97,326.9,827.82,4273.53
2023-09-27,1356.02,2465.07,326.71,841.02,4274.51
2023-09-28,1356.06,2465.07,326.71,841.02,4299.7
2023-09-29,1356.1,2465.07,326.71,841.02,4288.05
2023-09-30,1356.14,2465.07,326.71,841.02,4288.05
2023-10-01,1356.18,2465.07,326.71,841.02,4288.05
2023-10-02,1356.22,2465.07,326.71,841.02,4288.39
2023-10-03,1356.26,2465.07,326.71,841.02,4229.45
2023-10-04,1315.05,2405.69,319.45,807.4,4263.75
2023-10-05,1301.38,2403.6,318.58,801.02,4258.19
2023-10-06,1311.36,2408.73,318.94,816.39,4308.5
2023-10-07,1311.4,2408.73,318.94,816.39,4308.5
2023-10-08,1311.44,2408.73,318.94,816.39,4308.5
2023-10-09,1311.48,2408.73,318.94,816.39,4335.66
2023-10-10,1303.71,2402.58,319.11,795.0,4358.24
2023-10-11,1312.9,2450.08,324.74,817.12,4376.95
2023-10-12,1326.61,2479.82,328.85,835.49,4349.61
2023-10-13,1309.23,2456.15,325.77,822.78,4327.78
2023-10-14,1309.27,2456.15,325.77,822.78,4327.78
2023-10-15,1309.32,2456.15,325.77,822.78,4327.78
2023-10-16,1305.44,2436.24,323.29,810.54,4373.63
2023-10-17,1314.84,2460.17,327.35,820.38,4373.2
2023-10-18,1317.06,2462.6,328.82,808.89,4314.6
2023-10-19,1289.36,2415.8,322.76,784.04,4278.0
2023-10-20,1283.38,2375.0,317.96,769.25,4224.16
2023-10-21,1283.41,2375.0,317.96,769.25,4224.16
2023-10-22,1283.45,2375.0,317.96,769.25,4224.16
2023-10-23,1274.69,2357.02,315.5,763.69,4217.04
2023-10-24,1287.0,2383.51,318.43,784.86,4247.68
2023-10-25,1287.72,2363.17,316.49,770.84,4186.77
2023-10-26,1271.6,2299.08,307.75,743.85,4137.23
2023-10-27,1280.08,2302.81,308.53,748.49,4117.37
2023-10-28,1280.12,2302.81,308.53,748.49,4117.37
2023-10-29,1280.16,2302.81,308.53,748.49,4117.37
2023-10-30,1283.98,2310.55,308.95,757.12,4166.82
2023-10-31,1278.88,2277.99,305.56,736.1,4193.8
2023-11-01,1282.67,2301.56,309.71,739.23,4237.86
2023-11-02,1284.97,2343.12,315.16,772.84,4317.78
2023-11-03,1282.83,2368.34,318.24,782.05,4358.34
2023-11-04,1282.88,2368.34,318.24,782.05,4358.34
2023-11-05,1282.92,2368.34,318.24,782.05,4358.34
2023-11-06,1317.24,2502.37,334.16,839.45,4365.98
2023-11-07,1299.03,2443.96,327.29,824.37,4378.38
2023-11-08,1291.9,2421.62,324.0,811.02,4382.78
2023-11-09,1294.28,2427.08,325.29,802.87,4347.35
2023-11-10,1287.93,2409.66,323.75,789.31,4415.24
2023-11-11,1287.97,2409.66,323.75,789.31,4415.24
2023-11-12,1288.0,2409.66,323.75,789.31,4415.24
2023-11-13,1271.23,2403.76,323.31,774.42,4411.55
2023-11-14,1279.0,2433.25,326.57,794.19,4495.7
2023-11-15,1308.95,2486.67,333.96,809.36,4502.88
2023-11-16,1308.1,2488.18,334.31,811.11,4508.24
2023-11-17,1296.16,2469.85,332.06,799.06,4514.02
2023-11-18,1296.2,2469.85,332.06,799.06,4514.02
2023-11-19,1296.23,2469.85,332.06,799.06,4514.02
2023-11-20,1303.49,2491.2,334.23,813.08,4547.38
2023-11-21,1313.4,2510.42,336.57,817.01,4538.19
2023-11-22,1311.15,2511.7,336.81,814.61,4556.62
2023-11-23,1313.06,2514.96,336.91,815.98,4556.62
2023-11-24,1307.27,2496.63,334.0,815.0,4559.34
2023-11-25,1307.31,2496.63,334.0,815.0,4559.34
2023-11-26,1307.34,2496.63,334.0,815.0,4559.34
2023-11-27,1305.36,2495.66,333.67,810.25,4550.43
2023-11-28,1311.39,2521.76,337.52,816.44,4554.89
2023-11-29,1302.19,2519.81,336.62,822.44,4550.58
2023-11-30,1307.52,2535.29,338.43,831.68,4567.8
2023-12-01,1303.59,2505.01,334.8,827.24,4594.63
2023-12-02,1303.63,2505.01,334.8,827.24,4594.63
2023-12-03,1303.66,2505.01,334.8,827.24,4594.63
2023-12-04,1308.04,2514.95,336.14,828.52,4569.78
2023-12-05,1308.86,2494.28,332.85,813.38,4567.18
2023-12-06,1310.64,2495.38,333.45,819.54,4549.34
2023-12-07,1310.89,2492.07,332.67,813.2,4585.59
2023-12-08,1315.83,2517.85,336.6,830.37,4604.37
2023-12-09,1315.86,2517.85,336.6,830.37,4604.37
2023-12-10,1315.89,2517.85,336.6,830.37,4604.37
2023-12-11,1321.99,2525.36,337.93,835.25,4622.44
2023-12-12,1330.18,2535.27,339.77,839.53,4643.7
2023-12-13,1324.02,2510.66,336.68,829.31,4707.09
2023-12-14,1350.84,2544.18,341.33,840.59,4719.55
2023-12-15,1360.69,2563.56,343.99,838.31,4719.19
2023-12-16,1360.72,2563.56,343.99,838.31,4719.19
2023-12-17,1360.76,2563.56,343.99,838.31,4719.19
2023-12-18,1364.79,2566.86,343.5,850.96,4740.56
2023-12-19,1365.95,2568.55,343.95,858.3,4768.37
2023-12-20,1368.81,2614.3,350.11,862.98,4698.35
2023-12-21,1357.55,2600.02,348.78,859.44,4746.75
2023-12-22,1363.74,2599.51,349.15,854.62,4754.63
2023-12-23,1363.76,2599.51,349.15,854.62,4754.63
2023-12-24,1363.78,2599.51,349.15,854.62,4754.63
2023-12-25,1363.81,2599.51,349.15,854.62,4754.63
2023-12-26,1369.52,2602.59,350.43,848.34,4774.75
2023-12-27,1371.73,2613.5,352.46,859.79,4781.58
2023-12-28,1400.72,2655.28,357.99,866.57,4783.35
2023-12-29,1400.73,2655.28,357.99,866.57,4769.83
2023-12-30,1400.74,2655.28,357.99,866.57,4769.83
2023-12-31,1400.74,2655.28,357.99,866.57,4769.83
2024-01-01,1400.75,2655.28,357.99,866.57,4769.83
2024-01-02,1393.05,2669.81,360.55,878.93,4742.83
2024-01-03,1401.88,2607.31,351.2,871.57,4704.81
2024-01-04,1401.62,2587.02,348.07,866.25,4688.68
2024-01-05,1391.25,2578.08,347.22,878.33,4697.24
2024-01-06,1391.26,2578.08,347.22,878.33,4697.24
2024-01-07,1391.27,2578.08,347.22,878.33,4697.24
2024-01-08,1376.82,2567.82,345.58,879.34,4763.54
2024-01-09,1384.48,2561.24,343.81,884.64,4756.5
2024-01-10,1386.22,2541.98,340.66,875.46,4783.45
2024-01-11,1380.06,2540.27,340.28,882.53,4780.24
2024-01-12,1369.18,2525.05,338.22,868.08,4783.83
2024-01-13,1369.19,2525.05,338.22,868.08,4783.83
2024-01-14,1369.2,2525.05,338.22,868.08,4783.83
2024-01-15,1364.83,2525.99,339.24,859.71,4783.83
2024-01-16,1360.94,2497.59,334.73,854.83,4765.98
2024-01-17,1333.34,2435.9,326.11,833.05,4739.21
2024-01-18,1330.95,2440.04,327.13,840.33,4780.94
2024-01-19,1336.7,2472.74,332.99,842.67,4839.81
2024-01-20,1336.72,2472.74,332.99,842.67,4839.81
2024-01-21,1336.73,2472.74,332.99,842.67,4839.81
2024-01-22,1331.47,2464.35,332.63,839.69,4850.43
2024-01-23,1343.41,2478.61,334.97,840.11,4864.6
2024-01-24,1333.89,2469.69,333.27,836.21,4868.55
2024-01-25,1351.08,2470.34,333.8,823.74,4894.16
2024-01-26,1363.98,2478.56,334.21,837.24,4890.97
2024-01-27,1364.0,2478.56,334.21,837.24,4890.97
2024-01-28,1364.02,2478.56,334.21,837.24,4890.97
2024-01-29,1367.18,2500.65,337.84,819.14,4927.93
2024-01-30,1374.55,2498.81,337.48,818.86,4924.97
2024-01-31,1396.78,2497.09,336.24,799.24,4845.65
2024-02-01,1426.44,2542.46,342.41,798.73,4906.19
2024-02-02,1429.96,2615.31,353.43,814.77,4958.61
2024-02-03,1429.98,2615.31,353.43,814.77,4958.61
2024-02-04,1430.01,2615.31,353.43,814.77,4958.61
2024-02-05,1420.03,2591.31,349.15,807.99,4942.81
2024-02-06,1399.39,2576.2,347.8,807.03,4954.23
2024-02-07,1422.99,2609.58,352.25,811.92,4995.06
2024-02-08,1425.97,2620.32,353.29,826.58,4997.91
2024-02-09,1425.99,2620.32,353.29,826.58,5026.61
2024-02-10,1426.02,2620.32,353.29,826.58,5026.61
2024-02-11,1426.04,2620.32,353.29,826.58,5026.61
2024-02-12,1426.06,2620.32,353.29,826.58,5021.84
2024-02-13,1424.03,2649.64,357.38,845.15,4953.17
2024-02-14,1410.26,2620.42,352.69,853.3,5000.62
2024-02-15,1414.73,2613.8,351.21,859.21,5029.73
2024-02-16,1439.41,2648.76,355.52,857.6,5005.57
2024-02-17,1439.44,2648.76,355.52,857.6,5005.57
2024-02-18,1439.46,2648.76,355.52,857.6,5005.57
2024-02-19,1471.92,2680.26,360.88,858.47,5005.57
2024-02-20,1448.33,2657.79,356.92,866.17,4975.51
2024-02-21,1445.04,2653.31,356.04,864.07,4981.8
2024-02-22,1464.11,2664.27,357.67,870.11,5087.03
2024-02-23,1475.37,2667.7,358.57,868.57,5088.8
2024-02-24,1475.39,2667.7,358.57,868.57,5088.8
2024-02-25,1475.41,2667.7,358.57,868.57,5088.8
2024-02-26,1455.07,2647.08,355.48,867.4,5069.53
2024-02-27,1442.4,2625.05,352.76,853.75,5078.18
2024-02-28,1456.01,2652.29,356.79,863.39,5069.76
2024-02-29,1445.43,2642.36,355.57,862.96,5096.27
2024-03-01,1445.45,2642.36,355.57,862.96,5137.08
2024-03-02,1445.48,2642.36,355.57,862.96,5137.08
2024-03-03,1445.5,2642.36,355.57,862.96,5137.08
2024-03-04,1446.19,2674.27,361.1,872.97,5130.95
2024-03-05,1445.3,2649.4,357.59,866.37,5078.65
2024-03-06,1461.39,2641.49,356.25,870.67,5104.76
2024-03-07,1484.26,2647.62,356.82,863.37,5157.36
2024-03-08,1483.69,2680.35,361.71,873.18,5123.69
2024-03-09,1483.71,2680.35,361.71,873.18,5123.69
2024-03-10,1483.74,2680.35,361.71,873.18,5123.69
2024-03-11,1466.0,2659.84,358.34,875.93,5117.94
2024-03-12,1471.94,2681.81,361.11,889.71,5175.27
2024-03-13,1485.85,2693.57,363.04,889.93,5165.31
2024-03-14,1498.39,2718.76,366.68,887.52,5150.48
2024-03-15,1499.31,2666.84,359.39,880.46,5117.09
2024-03-16,1499.34,2666.84,359.39,880.46,5117.09
2024-03-17,1499.37,2666.84,359.39,880.46,5117.09
2024-03-18,1521.52,2685.84,361.31,894.48,5149.42
2024-03-19,1508.18,2656.17,357.33,891.91,5178.51
2024-03-20,1520.87,2690.14,363.32,891.45,5224.62
2024-03-21,1546.27,2754.86,373.66,904.29,5241.53
2024-03-22,1546.15,2748.56,372.65,903.98,5234.18
2024-03-23,1546.18,2748.56,372.65,903.98,5234.18
2024-03-24,1546.21,2748.56,372.65,903.98,5234.18
2024-03-25,1538.79,2737.57,370.73,913.69,5218.19
2024-03-26,1543.0,2757.09,374.6,916.09,5203.58
2024-03-27,1546.4,2755.11,374.08,911.25,5248.49
2024-03-28,1535.66,2745.82,373.22,910.05,5254.35
2024-03-29,1525.14,2746.63,374.63,905.5,5254.35
2024-03-30,1525.18,2746.63,374.63,905.5,5254.35
2024-03-31,1525.22,2746.63,374.63,905.5,5254.35
2024-04-01,1518.25,2747.86,374.28,912.45,5243.77
2024-04-02,1505.15,2753.16,376.34,891.59,5205.81
2024-04-03,1485.92,2706.97,369.72,879.96,5211.49
2024-04-04,1502.46,2742.0,375.61,882.9,5147.21
2024-04-05,1500.19,2714.21,371.57,872.29,5204.34
2024-04-06,1500.23,2714.21,371.57,872.29,5204.34
2024-04-07,1500.27,2714.21,371.57,872.29,5204.34
2024-04-08,1509.0,2717.65,372.51,860.57,5202.39
2024-04-09,1503.18,2705.16,370.27,859.33,5209.91
2024-04-10,1503.23,2705.16,370.27,859.33,5160.64
2024-04-11,1503.1,2706.96,370.72,858.1,5199.06
2024-04-12,1498.77,2681.82,367.25,860.47,5123.41
2024-04-13,1498.81,2681.82,367.25,860.47,5123.41
2024-04-14,1498.85,2681.82,367.25,860.47,5123.41
2024-04-15,1496.8,2670.43,365.31,852.42,5061.82
2024-04-16,1477.71,2609.63,356.67,832.81,5051.41
2024-04-17,1465.51,2584.18,352.79,833.03,5022.21
2024-04-18,1478.44,2634.7,359.06,855.65,5011.12
2024-04-19,1462.73,2591.86,352.58,841.91,4967.23
2024-04-20,1462.77,2591.86,352.58,841.91,4967.23
2024-04-21,1462.82,2591.86,352.58,841.91,4967.23
2024-04-22,1485.07,2629.44,356.89,845.82,5010.6
2024-04-23,1490.28,2623.02,355.98,845.44,5070.55
2024-04-24,1500.27,2675.75,363.6,862.23,5071.63
2024-04-25,1496.72,2628.62,356.51,853.26,5048.42
2024-04-26,1511.92,2656.33,361.02,856.82,5099.96
2024-04-27,1511.96,2656.33,361.02,856.82,5099.96
2024-04-28,1512.01,2656.33,361.02,856.82,5099.96
2024-04-29,1529.13,2687.44,364.48,869.72,5116.17
2024-04-30,1533.69,2692.06,365.13,868.93,5035.69
2024-05-01,1533.73,2692.06,365.13,868.93,5018.39
2024-05-02,1527.72,2683.65,364.31,867.48,5064.2
2024-05-03,1528.44,2676.63,363.58,865.59,5127.79
2024-05-04,1528.48,2676.63,363.58,865.59,5127.79
2024-05-05,1528.51,2676.63,363.58,865.59,5127.79
2024-05-06,1528.55,2676.63,363.58,865.59,5180.74
2024-05-07,1545.2,2734.36,372.8,871.26,5187.7
2024-05-08,1544.86,2745.05,374.09,872.42,5187.67
2024-05-09,1538.23,2712.14,368.83,870.15,5214.08
2024-05-10,1537.07,2727.63,371.08,864.16,5222.68
2024-05-11,1537.1,2727.63,371.08,864.16,5222.68
2024-05-12,1537.13,2727.63,371.08,864.16,5222.68
2024-05-13,1545.1,2727.21,370.99,854.43,5221.42
2024-05-14,1541.6,2730.34,371.04,862.15,5246.68
2024-05-15,1541.63,2730.34,371.04,862.15,5308.15
2024-05-16,1569.44,2753.0,374.6,870.37,5297.1
2024-05-17,1554.12,2724.62,370.58,855.06,5303.27
2024-05-18,1554.15,2724.62,370.58,855.06,5303.27
2024-05-19,1554.19,2724.62,370.58,855.06,5303.27
2024-05-20,1564.1,2742.14,373.68,847.08,5308.13
2024-05-21,1552.85,2724.18,371.55,846.51,5321.41
2024-05-22,1548.0,2723.46,371.41,845.72,5307.01
2024-05-23,1540.78,2721.81,371.62,846.58,5267.84
2024-05-24,1545.5,2687.6,366.08,839.41,5304.72
2024-05-25,1545.53,2687.6,366.08,839.41,5304.72
2024-05-26,1545.57,2687.6,366.08,839.41,5304.72
2024-05-27,1551.17,2722.99,371.16,847.99,5304.72
2024-05-28,1552.63,2722.85,371.33,851.01,5306.04
2024-05-29,1537.34,2677.3,364.96,838.45,5266.95
2024-05-30,1526.38,2635.44,358.7,831.99,5235.48
2024-05-31,1534.84,2636.52,358.21,839.98,5277.51
2024-06-01,1534.87,2636.52,358.21,839.98,5277.51
2024-06-02,1534.91,2636.52,358.21,839.98,5277.51
2024-06-03,1549.08,2682.52,365.48,844.72,5283.4
2024-06-04,1534.81,2662.1,362.52,845.84,5291.34
2024-06-05,1534.63,2689.5,366.44,850.75,5354.03
2024-06-06,1534.67,2689.5,366.44,850.75,5352.96
2024-06-07,1542.03,2722.67,371.39,866.18,5346.99
2024-06-08,1542.07,2722.67,371.39,866.18,5346.99
2024-06-09,1542.11,2722.67,371.39,866.18,5346.99
2024-06-10,1540.58,2701.17,367.46,864.71,5360.79
2024-06-11,1536.84,2705.32,367.71,868.36,5375.32
2024-06-12,1541.65,2728.17,371.12,870.67,5421.03
2024-06-13,1547.63,2754.89,374.75,871.33,5433.74
2024-06-14,1541.74,2758.42,376.0,862.19,5431.6
2024-06-15,1541.78,2758.42,376.0,862.19,5431.6
2024-06-16,1541.81,2758.42,376.0,862.19,5431.6
2024-06-17,1539.15,2744.1,373.86,858.96,5473.23
2024-06-18,1542.28,2763.92,377.73,858.95,5487.03
2024-06-19,1544.65,2797.33,383.01,861.17,5487.03
2024-06-20,1552.58,2807.63,384.78,857.51,5473.17
2024-06-21,1554.31,2784.26,380.88,852.67,5464.62
2024-06-22,1554.34,2784.26,380.88,852.67,5464.62
2024-06-23,1554.38,2784.26,380.88,852.67,5464.62
2024-06-24,1543.28,2764.73,378.39,841.52,5447.87
2024-06-25,1547.05,2774.39,379.85,841.99,5469.3
2024-06-26,1540.63,2792.05,383.01,842.12,5477.9
2024-06-27,1543.59,2784.06,382.27,838.65,5482.87
2024-06-28,1556.82,2797.82,384.02,840.44,5460.48
2024-06-29,1556.86,2797.82,384.02,840.44,5460.48
2024-06-30,1556.9,2797.82,384.02,840.44,5460.48
2024-07-01,1550.5,2804.31,384.34,847.15,5475.09
2024-07-02,1534.62,2780.86,381.2,829.91,5509.01
2024-07-03,1543.77,2794.01,383.23,836.1,5537.02
2024-07-04,1561.0,2824.94,388.53,840.81,5537.02
2024-07-05,1570.94,2862.23,395.47,847.49,5567.19
2024-07-06,1570.98,2862.23,395.47,847.49,5567.19
2024-07-07,1571.02,2862.23,395.47,847.49,5567.19
2024-07-08,1568.47,2857.76,394.47,859.27,5572.85
2024-07-09,1572.0,2867.38,395.79,860.42,5576.98
2024-07-10,1569.14,2867.99,395.6,858.55,5633.91
2024-07-11,1580.03,2891.35,398.52,852.42,5584.54
2024-07-12,1570.12,2857.0,392.29,850.37,5615.35
2024-07-13,1570.16,2857.0,392.29,850.37,5615.35
2024-07-14,1570.2,2857.0,392.29,850.37,5615.35
2024-07-15,1579.36,2860.92,393.84,852.88,5631.22
2024-07-16,1578.02,2866.09,395.31,839.61,5667.2
2024-07-17,1579.14,2843.29,391.55,829.41,5588.27
2024-07-18,1593.22,2824.35,389.0,822.48,5544.59
2024-07-19,1578.01,2795.46,383.89,828.72,5505.0
2024-07-20,1578.06,2795.46,383.89,828.72,5505.0
2024-07-21,1578.11,2795.46,383.89,828.72,5505.0
2024-07-22,1577.11,2763.51,379.84,809.96,5564.41
2024-07-23,1576.6,2774.29,381.65,812.12,5555.74
2024-07-24,1569.25,2758.71,378.66,814.25,5427.13
2024-07-25,1554.47,2710.65,371.26,797.29,5399.22
2024-07-26,1576.91,2731.9,374.2,797.56,5459.1
2024-07-27,1576.96,2731.9,374.2,797.56,5459.1
2024-07-28,1577.01,2731.9,374.2,797.56,5459.1
2024-07-29,1594.28,2765.53,378.73,807.99,5463.54
2024-07-30,1589.03,2738.19,374.87,803.78,5436.44
2024-07-31,1601.82,2770.69,380.49,803.15,5522.3
2024-08-01,1605.51,2777.68,380.54,813.53,5446.68
2024-08-02,1575.41,2676.19,365.17,779.33,5346.56
2024-08-03,1575.46,2676.19,365.17,779.33,5346.56
2024-08-04,1575.51,2676.19,365.17,779.33,5346.56
2024-08-05,1505.62,2441.55,331.86,691.28,5186.33
2024-08-06,1524.51,2522.15,341.73,732.87,5240.03
2024-08-07,1553.12,2568.41,349.09,748.54,5199.5
2024-08-08,1562.81,2556.73,346.7,745.28,5319.31
2024-08-09,1568.23,2588.43,351.52,764.43,5344.16
2024-08-10,1568.27,2588.43,351.52,764.43,5344.16
2024-08-11,1568.32,2588.43,351.52,764.43,5344.16
2024-08-12,1580.01,2618.3,355.61,772.72,5344.39
2024-08-13,1584.85,2621.5,357.02,764.86,5434.43
2024-08-14,1590.89,2644.5,360.39,776.83,5455.21
2024-08-15,1590.94,2644.5,360.39,776.83,5543.22
2024-08-16,1599.79,2697.23,369.11,786.33,5554.25
2024-08-17,1599.84,2697.23,369.11,786.33,5554.25
2024-08-18,1599.88,2697.23,369.11,786.33,5554.25
2024-08-19,1602.19,2674.36,365.52,777.47,5608.25
2024-08-20,1612.77,2696.63,368.99,787.44,5597.12
2024-08-21,1612.27,2701.13,368.22,779.87,5620.85
2024-08-22,1606.85,2707.67,369.1,773.47,5570.64
2024-08-23,1610.82,2701.69,367.91,773.26,5634.61
2024-08-24,1610.86,2701.69,367.91,773.26,5634.61
2024-08-25,1610.91,2701.69,367.91,773.26,5634.61
2024-08-26,1620.92,2698.01,366.31,766.79,5616.84
2024-08-27,1618.94,2689.25,364.56,764.95,5625.8
2024-08-28,1607.42,2689.83,365.28,762.5,5592.18
2024-08-29,1604.42,2662.28,360.1,756.04,5591.96
2024-08-30,1613.09,2674.31,361.55,767.66,5648.4
2024-08-31,1613.13,2674.31,361.55,767.66,5648.4
2024-09-01,1613.18,2674.31,361.55,767.66,5648.4
2024-09-02,1609.09,2681.0,362.09,769.21,5648.4
2024-09-03,1619.1,2664.63,358.8,760.37,5528.93
2024-09-04,1588.97,2580.8,346.66,731.75,5520.07
2024-09-05,1594.23,2575.5,345.92,725.28,5503.41
2024-09-06,1582.92,2544.28,342.37,706.59,5408.42
2024-09-07,1582.96,2544.28,342.37,706.59,5408.42
2024-09-08,1583.01,2544.28,342.37,706.59,5408.42
2024-09-09,1592.63,2535.93,340.18,714.46,5471.05
2024-09-10,1573.77,2523.43,338.48,706.2,5495.52
2024-09-11,1565.43,2513.37,335.65,709.42,5554.13
2024-09-12,1592.81,2572.09,343.85,731.03,5595.76
2024-09-13,1596.54,2575.41,343.69,733.2,5626.02
2024-09-14,1596.58,2575.41,343.69,733.2,5626.02
2024-09-15,1596.62,2575.41,343.69,733.2,5626.02
2024-09-16,1596.66,2575.41,343.69,733.2,5633.09
2024-09-17,1596.71,2575.41,343.69,733.2,5634.58
2024-09-18,1596.75,2575.41,343.69,733.2,5618.26
2024-09-19,1622.4,2580.8,343.28,739.51,5713.64
2024-09-20,1647.76,2593.37,344.67,748.33,5702.55
2024-09-21,1647.79,2593.37,344.67,748.33,5702.55
2024-09-22,1647.83,2593.37,344.67,748.33,5702.55
2024-09-23,1646.63,2602.01,345.78,755.12,5718.57
2024-09-24,1655.26,2631.68,349.61,767.35,5732.93
2024-09-25,1636.23,2596.32,344.56,759.3,5722.26
2024-09-26,1667.91,2671.57,356.44,779.18,5745.37
2024-09-27,1664.29,2649.78,353.93,774.49,5738.17
2024-09-28,1664.33,2649.78,353.93,774.49,5738.17
2024-09-29,1664.37,2649.78,353.93,774.49,5738.17
2024-09-30,1645.15,2593.27,344.76,763.88,5762.48
2024-10-01,1645.19,2593.27,344.76,763.88,5708.75
2024-10-02,1635.35,2561.69,340.72,762.13,5709.54
2024-10-03,1635.39,2561.69,340.72,762.13,5699.94
2024-10-04,1658.99,2569.71,341.74,768.98,5751.07
2024-10-05,1659.02,2569.71,341.74,768.98,5751.07
2024-10-06,1659.06,2569.71,341.74,768.98,5751.07
2024-10-07,1673.5,2610.38,347.34,781.01,5695.94
2024-10-08,1657.9,2594.36,344.23,778.24,5751.13
2024-10-09,1657.94,2594.36,344.23,778.24,5792.04
2024-10-10,1674.82,2599.16,345.21,775.48,5780.05
2024-10-11,1673.21,2596.91,345.45,770.98,5815.03
2024-10-12,1673.25,2596.91,345.45,770.98,5815.03
2024-10-13,1673.28,2596.91,345.45,770.98,5815.03
2024-10-14,1683.16,2623.29,349.74,770.26,5859.85
2024-10-15,1694.21,2633.45,351.07,773.81,5815.26
2024-10-16,1683.64,2610.36,347.26,765.79,5842.47
2024-10-17,1685.85,2609.3,347.73,765.06,5841.47
2024-10-18,1683.09,2593.82,345.42,753.22,5864.67
2024-10-19,1683.13,2593.82,345.42,753.22,5864.67
2024-10-20,1683.17,2593.82,345.42,753.22,5864.67
2024-10-21,1681.73,2604.92,346.62,759.95,5853.98
2024-10-22,1673.52,2570.7,342.09,738.34,5851.2
2024-10-23,1663.73,2599.62,346.27,745.19,5797.42
2024-10-24,1670.37,2581.03,342.88,734.59,5809.86
2024-10-25,1662.11,2583.27,343.37,727.41,5808.12
2024-10-26,1662.15,2583.27,343.37,727.41,5808.12
2024-10-27,1662.2,2583.27,343.37,727.41,5808.12
2024-10-28,1663.98,2612.43,347.27,740.48,5823.52
2024-10-29,1664.85,2617.8,348.28,744.18,5832.92
2024-10-30,1658.34,2593.79,345.0,738.19,5813.67
2024-10-31,1672.63,2556.15,339.32,743.06,5705.45
2024-11-01,1660.95,2542.36,337.49,729.05,5728.8
2024-11-02,1660.99,2542.36,337.49,729.05,5728.8
2024-11-03,1661.04,2542.36,337.49,729.05,5728.8
2024-11-04,1683.29,2588.97,343.6,754.08,5712.69
2024-11-05,1670.04,2576.88,341.47,751.81,5782.76
2024-11-06,1689.01,2563.51,340.61,743.31,5929.04
2024-11-07,1677.28,2564.63,340.87,733.52,5973.1
2024-11-08,1688.85,2561.15,339.71,743.38,5995.54
2024-11-09,1688.89,2561.15,339.71,743.38,5995.54
2024-11-10,1688.93,2561.15,339.71,743.38,5995.54
2024-11-11,1693.19,2531.66,334.64,728.84,6001.35
2024-11-12,1664.42,2482.57,327.31,710.52,5983.99
2024-11-13,1645.35,2417.08,318.84,689.65,5985.38
2024-11-14,1634.09,2418.86,317.7,681.56,5949.17
2024-11-15,1634.42,2416.86,320.53,685.42,5870.62
2024-11-16,1634.46,2416.86,320.53,685.42,5870.62
2024-11-17,1634.51,2416.86,320.53,685.42,5870.62
2024-11-18,1631.17,2469.07,328.44,689.55,5893.62
2024-11-19,1629.24,2471.95,328.11,686.12,5916.98
2024-11-20,1646.3,2482.29,329.02,682.91,5917.11
2024-11-21,1647.73,2480.63,329.49,680.67,5948.71
2024-11-22,1639.85,2501.24,332.36,677.01,5969.34
2024-11-23,1639.89,2501.24,332.36,677.01,5969.34
2024-11-24,1639.93,2501.24,332.36,677.01,5969.34
2024-11-25,1637.72,2534.34,336.63,696.83,5987.37
2024-11-26,1637.32,2520.36,335.6,693.15,6021.63
2024-11-27,1654.78,2503.06,332.32,692.0,5998.74
2024-11-28,1664.73,2504.67,331.45,694.39,5998.74
2024-11-29,1645.77,2455.91,325.45,678.19,6032.38
2024-11-30,1645.81,2455.91,325.45,678.19,6032.38
2024-12-01,1645.84,2455.91,325.45,678.19,6032.38
2024-12-02,1656.81,2454.48,325.34,675.84,6047.15
2024-12-03,1688.68,2500.1,331.44,690.8,6049.88
2024-12-04,1667.14,2464.0,326.59,677.15,6086.49
2024-12-05,1651.55,2441.85,323.87,670.94,6075.11
2024-12-06,1639.99,2428.16,322.07,661.33,6090.27
2024-12-07,1640.03,2428.16,322.07,661.33,6090.27
2024-12-08,1640.06,2428.16,322.07,661.33,6090.27
2024-12-09,1596.24,2360.58,313.74,627.01,6052.85
2024-12-10,1642.2,2417.84,320.79,661.59,6034.91
2024-12-11,1651.69,2442.51,323.86,675.92,6084.19
2024-12-12,1673.5,2482.12,329.04,683.35,6051.25
2024-12-13,1669.35,2494.46,330.49,693.73,6051.09
2024-12-14,1669.39,2494.46,330.49,693.73,6051.09
2024-12-15,1669.42,2494.46,330.49,693.73,6051.09
2024-12-16,1657.59,2488.97,329.61,698.53,6074.08
2024-12-17,1644.9,2456.81,325.25,694.47,6050.61
2024-12-18,1655.91,2484.43,329.72,697.57,5872.16
2024-12-19,1642.0,2435.93,322.38,684.36,5867.08
2024-12-20,1622.75,2404.15,318.33,668.31,5930.85
2024-12-21,1622.78,2404.15,318.33,668.31,5930.85
2024-12-22,1622.8,2404.15,318.33,668.31,5930.85
2024-12-23,1644.12,2442.01,322.98,679.24,5974.07
2024-12-24,1652.81,2440.52,323.39,680.11,6040.04
2024-12-25,1652.83,2440.52,323.39,680.11,6040.04
2024-12-26,1649.35,2429.67,321.45,675.64,6037.59
2024-12-27,1631.97,2404.77,319.03,665.97,5970.84
2024-12-28,1632.0,2404.77,319.03,665.97,5970.84
2024-12-29,1632.02,2404.77,319.03,665.97,5970.84
2024-12-30,1635.38,2399.49,317.82,678.19,5906.94
2024-12-31,1635.4,2399.49,317.82,678.19,5881.63
2025-01-01,1635.42,2399.49,317.82,678.19,5881.63
2025-01-02,1631.54,2398.94,317.77,686.63,5868.55
2025-01-03,1646.48,2441.92,324.0,705.76,5942.47
2025-01-04,1646.5,2441.92,324.0,705.76,5942.47
2025-01-05,1646.52,2441.92,324.0,705.76,5942.47
2025-01-06,1658.23,2488.64,331.52,717.96,5975.38
2025-01-07,1669.8,2492.1,330.89,718.29,5909.03
2025-01-08,1662.33,2521.05,334.95,719.63,5918.25
2025-01-09,1667.07,2521.9,335.4,723.52,5918.25
2025-01-10,1666.51,2515.78,334.55,717.89,5827.04
2025-01-11,1666.53,2515.78,334.55,717.89,5827.04
2025-01-12,1666.54,2515.78,334.55,717.89,5827.04
2025-01-13,1664.0,2489.56,330.31,708.21,5836.22
2025-01-14,1662.63,2497.4,330.74,718.04,5842.91
2025-01-15,1669.3,2496.81,330.97,711.61,5949.91
2025-01-16,1680.45,2527.49,335.73,724.24,5937.34
2025-01-17,1696.3,2523.55,335.09,724.69,5996.66
2025-01-18,1696.33,2523.55,335.09,724.69,5996.66
2025-01-19,1696.36,2523.55,335.09,724.69,5996.66
2025-01-20,1701.76,2520.05,333.94,727.66,5996.66
2025-01-21,1717.9,2518.03,334.44,726.07,6049.24
2025-01-22,1718.72,2547.06,338.76,732.31,6086.37
2025-01-23,1715.88,2515.49,334.5,724.01,6118.71
2025-01-24,1732.51,2536.8,336.74,728.74,6101.24
2025-01-25,1732.53,2536.8,336.74,728.74,6101.24
2025-01-26,1732.56,2536.8,336.74,728.74,6101.24
2025-01-27,1732.58,2536.8,336.74,728.74,6012.28
2025-01-28,1732.61,2536.8,336.74,728.74,6067.7
2025-01-29,1732.64,2536.8,336.74,728.74,6039.31
2025-01-30,1732.66,2536.8,336.74,728.74,6071.17
2025-01-31,1744.68,2517.37,333.36,728.29,6040.53
2025-02-01,1744.7,2517.37,333.36,728.29,6040.53
2025-02-02,1744.73,2517.37,333.36,728.29,6040.53
2025-02-03,1716.81,2453.95,324.55,703.8,5994.57
2025-02-04,1737.65,2481.69,328.72,719.92,6037.88
2025-02-05,1740.1,2509.27,332.47,730.98,6061.48
2025-02-06,1756.49,2536.75,336.53,740.32,6083.57
2025-02-07,1752.86,2521.92,333.89,742.9,6025.99
2025-02-08,1752.89,2521.92,333.89,742.9,6025.99
2025-02-09,1752.91,2521.92,333.89,742.9,6025.99
2025-02-10,1758.68,2521.27,334.5,749.67,6066.44
2025-02-11,1749.16,2539.05,336.67,749.59,6068.5
2025-02-12,1749.73,2548.39,337.23,745.18,6051.97
2025-02-13,1757.84,2583.17,341.06,749.28,6115.07
2025-02-14,1776.61,2591.05,342.76,756.32,6114.63
2025-02-15,1776.63,2591.05,342.76,756.32,6114.63
2025-02-16,1776.66,2591.05,342.76,756.32,6114.63
2025-02-17,1776.04,2610.42,345.11,768.48,6114.63
2025-02-18,1776.57,2626.81,347.84,773.65,6129.58
2025-02-19,1775.81,2671.52,354.53,778.27,6144.15
2025-02-20,1790.45,2654.06,352.15,768.27,6117.52
2025-02-21,1792.66,2654.58,351.92,774.65,6013.13
2025-02-22,1792.68,2654.58,351.92,774.65,6013.13
2025-02-23,1792.71,2654.58,351.92,774.65,6013.13
2025-02-24,1793.95,2645.27,349.9,773.33,5983.25
2025-02-25,1792.4,2630.29,347.54,769.43,5955.25
2025-02-26,1796.37,2641.09,349.31,771.41,5956.06
2025-02-27,1810.04,2621.75,346.45,770.85,5861.57
2025-02-28,1779.9,2532.78,334.27,743.96,5954.5
2025-03-01,1779.92,2532.78,334.27,743.96,5954.5
2025-03-02,1779.94,2532.78,334.27,743.96,5954.5
2025-03-03,1779.97,2532.78,334.27,743.96,5849.72
2025-03-04,1794.35,2528.92,334.02,737.9,5778.15
2025-03-05,1801.06,2558.13,337.08,746.95,5842.63
2025-03-06,1817.03,2576.16,340.31,734.92,5738.52
2025-03-07,1800.34,2563.48,338.42,727.7,5770.2
2025-03-08,1800.36,2563.48,338.42,727.7,5770.2
2025-03-09,1800.38,2563.48,338.42,727.7,5770.2
2025-03-10,1802.98,2570.39,338.79,725.82,5614.56
2025-03-11,1791.72,2537.6,334.96,721.5,5572.07
2025-03-12,1802.3,2574.82,340.89,729.49,5599.3
2025-03-13,1804.77,2573.64,341.42,722.8,5521.52
2025-03-14,1808.41,2566.36,340.8,734.26,5638.94
2025-03-15,1808.43,2566.36,340.8,734.26,5638.94
2025-03-16,1808.46,2566.36,340.8,734.26,5638.94
2025-03-17,1856.71,2610.69,348.19,743.51,5675.12
2025-03-18,1851.13,2612.34,347.84,745.54,5614.66
2025-03-19,1854.14,2628.62,350.85,738.35,5675.29
2025-03-20,1839.8,2637.1,353.5,725.15,5662.89
2025-03-21,1844.19,2643.13,355.18,719.41,5667.56
2025-03-22,1844.21,2643.13,355.18,719.41,5667.56
2025-03-23,1844.24,2643.13,355.18,719.41,5667.56
2025-03-24,1842.65,2632.07,353.24,720.22,5767.57
2025-03-25,1829.47,2615.81,351.09,711.26,5776.65
2025-03-26,1825.79,2643.94,355.0,716.48,5712.2
2025-03-27,1814.53,2607.15,350.26,707.49,5693.31
2025-03-28,1803.35,2557.98,342.96,693.76,5580.94
2025-03-29,1803.36,2557.98,342.96,693.76,5580.94
2025-03-30,1803.38,2557.98,342.96,693.76,5580.94
2025-03-31,1791.63,2481.12,332.4,672.85,5611.85
2025-04-01,1811.53,2521.39,338.22,691.45,5633.07
2025-04-02,1798.59,2505.86,336.26,684.85,5670.97
2025-04-03,1783.81,2486.7,332.92,683.49,5396.52
2025-04-04,1781.57,2465.42,328.67,687.39,5074.08
2025-04-05,1781.59,2465.42,328.67,687.39,5074.08
2025-04-06,1781.62,2465.42,328.67,687.39,5074.08
2025-04-07,1711.61,2328.2,309.6,651.3,5062.25
2025-04-08,1717.52,2334.23,310.03,658.45,4982.77
2025-04-09,1698.16,2293.7,304.53,643.39,5456.9
2025-04-10,1763.3,2445.06,325.08,681.79,5268.05
2025-04-11,1783.58,2432.72,322.32,695.59,5363.36
2025-04-12,1783.61,2432.72,322.32,695.59,5363.36
2025-04-13,1783.64,2432.72,322.32,695.59,5363.36
2025-04-14,1800.12,2455.89,325.33,708.98,5405.97
2025-04-15,1810.92,2477.41,328.14,711.92,5396.63
2025-04-16,1829.21,2447.43,323.53,699.11,5275.7
2025-04-17,1817.12,2470.41,326.3,711.75,5282.7
2025-04-18,1834.54,2483.42,328.35,717.77,5282.7
2025-04-19,1834.57,2483.42,328.35,717.77,5282.7
2025-04-20,1834.6,2483.42,328.35,717.77,5282.7
2025-04-21,1835.36,2488.42,329.31,715.45,5158.2
2025-04-22,1841.15,2486.64,328.61,716.12,5287.76
2025-04-23,1855.31,2525.56,333.94,726.08,5375.86
2025-04-24,1854.05,2522.33,333.72,726.08,5484.77
2025-04-25,1847.96,2546.3,336.87,729.69,5525.21
2025-04-26,1847.99,2546.3,336.87,729.69,5525.21
2025-04-27,1848.03,2546.3,336.87,729.69,5525.21
2025-04-28,1821.17,2548.86,337.08,719.41,5528.75
2025-04-29,1841.45,2565.42,339.06,726.46,5560.83
2025-04-30,1839.58,2556.61,338.74,717.24,5569.06
2025-05-01,1839.62,2556.61,338.74,717.24,5604.14
2025-05-02,1843.73,2559.79,338.79,721.86,5686.67
2025-05-03,1843.77,2559.79,338.79,721.86,5686.67
2025-05-04,1843.81,2559.79,338.79,721.86,5686.67
2025-05-05,1843.84,2559.79,338.79,721.86,5650.38
2025-05-06,1843.88,2559.79,338.79,721.86,5606.91
2025-05-07,1838.81,2573.8,341.31,722.81,5631.28
2025-05-08,1839.08,2579.48,341.47,729.59,5663.94
2025-05-09,1844.52,2577.27,341.49,722.52,5659.91
2025-05-10,1844.56,2577.27,341.49,722.52,5659.91
2025-05-11,1844.59,2577.27,341.49,722.52,5659.91
2025-05-12,1850.19,2607.33,347.08,725.4,5844.19
2025-05-13,1857.38,2608.42,347.17,731.88,5886.55
2025-05-14,1864.68,2640.57,351.79,739.05,5892.58
2025-05-15,1864.75,2621.36,349.16,733.23,5916.93
2025-05-16,1866.32,2626.87,350.45,725.07,5958.38
2025-05-17,1866.36,2626.87,350.45,725.07,5958.38
2025-05-18,1866.39,2626.87,350.45,725.07,5958.38
2025-05-19,1854.05,2603.42,346.57,713.75,5963.6
2025-05-20,1855.34,2601.8,347.02,715.55,5940.46
2025-05-21,1856.13,2625.58,349.38,723.62,5844.61
2025-05-22,1846.56,2593.67,344.8,717.67,5842.01
2025-05-23,1861.27,2592.09,345.28,715.98,5802.82
2025-05-24,1861.31,2592.09,345.28,715.98,5802.82
2025-05-25,1861.35,2592.09,345.28,715.98,5802.82
2025-05-26,1877.35,2644.4,352.11,725.27,5802.82
2025-05-27,1882.0,2637.22,351.28,727.11,5921.54
2025-05-28,1888.89,2670.15,356.36,728.79,5888.55
2025-05-29,1921.3,2720.64,363.08,736.29,5912.17
2025-05-30,1915.3,2697.67,359.62,734.35,5911.69
2025-05-31,1915.33,2697.67,359.62,734.35,5911.69
2025-06-01,1915.37,2697.67,359.62,734.35,5911.69
2025-06-02,1898.58,2698.97,359.69,740.29,5935.94
2025-06-03,1898.62,2698.97,359.69,740.29,5970.37
2025-06-04,1936.71,2770.84,369.9,750.21,5970.81
2025-06-05,1944.05,2812.05,376.54,756.23,5939.3
2025-06-06,1944.08,2812.05,376.54,756.23,6000.36
2025-06-07,1944.12,2812.05,376.54,756.23,6000.36
2025-06-08,1944.16,2812.05,376.54,756.23,6000.36
2025-06-09,1961.99,2855.77,382.99,764.21,6005.88
2025-06-10,1965.07,2871.85,384.79,771.2,6038.81
2025-06-11,1981.05,2907.04,389.79,786.29,6022.24
2025-06-12,1985.87,2920.03,390.62,789.45,6045.26
2025-06-13,1951.52,2894.62,387.3,768.86,5976.97
2025-06-14,1951.55,2894.62,387.3,768.86,5976.97
2025-06-15,1951.58,2894.62,387.3,768.86,5976.97
2025-06-16,1983.01,2946.66,394.16,777.26,6033.11
2025-06-17,1977.11,2950.3,395.18,775.65,5982.72
2025-06-18,1962.52,2972.19,398.86,779.73,5980.87
2025-06-19,1962.15,2977.74,399.29,782.51,5980.87
2025-06-20,1970.07,3021.84,405.32,791.53,5967.84
2025-06-21,1970.1,3021.84,405.32,791.53,5967.84
2025-06-22,1970.14,3021.84,405.32,791.53,5967.84
2025-06-23,1959.8,3014.47,404.32,784.79,6025.17
2025-06-24,2013.27,3103.64,417.76,800.93,6092.18
2025-06-25,2030.99,3108.25,419.51,798.21,6092.16
2025-06-26,2022.67,3079.56,415.66,787.95,6141.02
2025-06-27,2017.55,3055.94,412.72,781.56,6173.07
2025-06-28,2017.57,3055.94,412.72,781.56,6173.07
2025-06-29,2017.6,3055.94,412.72,781.56,6173.07
2025-06-30,2025.34,3071.7,414.6,781.5,6204.95
2025-07-01,2050.39,3089.65,416.26,783.67,6198.01
2025-07-02,2064.45,3075.06,414.43,782.17,6227.42
2025-07-03,2091.83,3116.27,420.94,793.33,6279.35
2025-07-04,2069.8,3054.28,412.74,775.8,6279.35
2025-07-05,2069.82,3054.28,412.74,775.8,6279.35
2025-07-06,2069.85,3054.28,412.74,775.8,6279.35
2025-07-07,2083.77,3059.47,413.02,778.46,6229.98
2025-07-08,2136.73,3114.95,421.22,784.24,6225.52
2025-07-09,2156.11,3133.74,422.02,790.36,6263.26
2025-07-10,2188.8,3183.23,428.42,797.7,6280.46
2025-07-11,2204.99,3175.77,428.07,800.47,6259.75
2025-07-12,2205.01,3175.77,428.07,800.47,6259.75
2025-07-13,2205.04,3175.77,428.07,800.47,6259.75
2025-07-14,2233.62,3202.03,432.49,799.37,6268.56
2025-07-15,2233.42,3215.28,434.78,812.88,6243.76
2025-07-16,2200.63,3186.38,431.16,812.23,6263.7
2025-07-17,2212.37,3192.29,431.64,818.27,6297.36
2025-07-18,2203.37,3188.07,431.1,820.67,6296.79
2025-07-19,2203.4,3188.07,431.1,820.67,6296.79
2025-07-20,2203.42,3188.07,431.1,820.67,6296.79
2025-07-21,2200.92,3210.81,434.56,821.69,6305.6
2025-07-22,2188.45,3169.94,428.05,812.97,6309.62
2025-07-23,2209.37,3183.77,430.04,813.56,6358.91
2025-07-24,2217.88,3190.45,430.03,809.89,6363.35
2025-07-25,2219.44,3196.05,430.78,806.95,6388.64
2025-07-26,2219.47,3196.05,430.78,806.95,6388.64
2025-07-27,2219.5,3196.05,430.78,806.95,6388.64
2025-07-28,2197.51,3209.52,433.37,804.4,6389.77
2025-07-29,2204.72,3230.57,435.84,804.45,6370.86
2025-07-30,2202.26,3254.47,439.81,803.67,6362.9
2025-07-31,2188.36,3245.44,438.6,805.24,6339.39
2025-08-01,2120.85,3119.41,420.72,772.79,6339.39
2025-08-02,2120.88,3119.41,420.72,772.79,6238.01
2025-08-03,2120.92,3119.41,420.72,772.79,6238.01
2025-08-04,2142.35,3147.75,424.79,784.06,6238.01
2025-08-05,2148.3,3198.0,431.25,798.6,6299.19
2025-08-06,2156.16,3198.14,430.68,803.49,6345.06
2025-08-07,2163.38,3227.68,435.35,805.81,6345.06
2025-08-08,2160.61,3210.01,433.47,809.27,6340.0
2025-08-09,2160.65,3210.01,433.47,809.27,6389.45
2025-08-10,2160.69,3210.01,433.47,809.27,6389.45
2025-08-11,2148.29,3206.77,433.29,811.85,6389.45
2025-08-12,2150.27,3189.91,431.63,807.19,6445.76
2025-08-13,2160.89,3224.37,436.92,814.1,6466.58
2025-08-14,2161.07,3225.66,436.57,815.26,6466.58
2025-08-15,2161.1,3225.66,436.57,815.26,6468.54
2025-08-16,2161.14,3225.66,436.57,815.26,6449.8
2025-08-17,2161.17,3225.66,436.57,815.26,6449.8
2025-08-18,2133.69,3177.28,429.19,798.05,6449.8
2025-08-19,2116.54,3151.56,426.18,787.96,6449.15
2025-08-20,2107.64,3130.09,423.66,777.61,6395.78
2025-08-21,2113.44,3141.74,424.41,777.24,6395.78
2025-08-22,2120.51,3168.73,428.5,782.51,6370.17
2025-08-23,2120.55,3168.73,428.5,782.51,6466.91
2025-08-24,2120.59,3168.73,428.5,782.51,6466.91
2025-08-25,2137.85,3209.86,433.89,798.02,6466.91
